user_id,variant,impression,click,purchase,revenue,country,device
100001,1,2,0.0,0.0,0.0,UK,tablet
100002,1,2,0.0,0.0,0.0,UK,mobile
100003,0,2,0.0,0.0,0.0,ES,mobile
100004,0,2,1.0,0.0,0.0,FR,mobile
100005,1,2,0.0,0.0,0.0,UK,mobile
100006,1,1,1.0,0.0,0.0,FR,desktop
100007,0,1,0.0,0.0,0.0,UK,desktop
100008,0,3,0.0,0.0,0.0,FR,desktop
100009,1,3,1.0,1.0,40981.61,UK,mobile
100010,1,2,1.0,0.0,0.0,UK,mobile
100011,1,2,1.0,0.0,0.0,UK,mobile
100012,0,2,1.0,0.0,0.0,ES,desktop
100013,1,1,0.0,0.0,0.0,DE,mobile
100014,1,3,1.0,0.0,0.0,UK,mobile
100015,1,2,0.0,0.0,0.0,UK,mobile
100016,0,1,1.0,0.0,0.0,DE,desktop
100017,1,1,0.0,0.0,0.0,UK,mobile
100018,0,2,0.0,0.0,0.0,UK,mobile
100019,1,1,1.0,0.0,0.0,ES,mobile
100020,0,2,1.0,0.0,0.0,UK,desktop
100021,1,1,0.0,0.0,0.0,DE,mobile
100022,1,2,1.0,1.0,11877.95,ES,tablet
100023,0,2,1.0,0.0,0.0,UK,mobile
100024,1,1,0.0,0.0,0.0,UK,tablet
100025,0,2,0.0,0.0,0.0,UK,desktop
100026,1,3,1.0,1.0,42858.23,DE,mobile
100027,1,1,0.0,0.0,0.0,ES,desktop
100028,0,3,0.0,0.0,0.0,DE,mobile
100029,1,2,1.0,0.0,0.0,UK,tablet
100030,0,2,0.0,0.0,0.0,DE,desktop
100031,0,1,1.0,1.0,29438.34,ES,mobile
100032,0,1,0.0,0.0,0.0,FR,desktop
100033,1,2,1.0,0.0,0.0,ES,tablet
100034,0,2,1.0,0.0,0.0,DE,mobile
100035,1,1,0.0,0.0,0.0,DE,mobile
100036,0,2,0.0,0.0,0.0,FR,desktop
100037,1,3,1.0,1.0,22770.22,UK,desktop
100038,0,1,0.0,0.0,0.0,UK,mobile
100039,1,1,0.0,0.0,0.0,FR,mobile
100040,0,3,0.0,0.0,0.0,UK,mobile
100041,1,1,1.0,0.0,0.0,ES,mobile
100042,1,1,0.0,0.0,0.0,ES,mobile
100043,0,1,0.0,0.0,0.0,DE,tablet
100044,0,1,0.0,0.0,0.0,UK,mobile
100045,1,1,0.0,0.0,0.0,UK,desktop
100046,1,2,1.0,0.0,0.0,UK,mobile
100047,0,2,0.0,0.0,0.0,DE,mobile
100048,0,2,0.0,0.0,0.0,DE,mobile
100049,0,2,0.0,0.0,0.0,ES,mobile
100050,1,1,0.0,0.0,0.0,UK,desktop
100051,1,1,0.0,0.0,0.0,ES,desktop
100052,1,1,0.0,0.0,0.0,ES,desktop
100053,0,2,0.0,0.0,0.0,UK,tablet
100054,0,1,0.0,0.0,0.0,ES,desktop
100055,1,2,1.0,1.0,47897.68,UK,mobile
100056,0,2,0.0,0.0,0.0,UK,desktop
100057,1,1,0.0,0.0,0.0,FR,desktop
100058,0,2,0.0,0.0,0.0,UK,mobile
100059,0,1,0.0,0.0,0.0,FR,desktop
100060,1,2,0.0,0.0,0.0,FR,mobile
100061,0,1,0.0,0.0,0.0,FR,mobile
100062,0,1,0.0,0.0,0.0,UK,desktop
100063,0,2,1.0,0.0,0.0,FR,mobile
100064,0,1,0.0,0.0,0.0,FR,mobile
100065,1,2,1.0,0.0,0.0,FR,desktop
100066,0,1,0.0,0.0,0.0,UK,mobile
100067,1,1,0.0,0.0,0.0,UK,mobile
100068,0,2,1.0,0.0,0.0,FR,desktop
100069,1,3,0.0,0.0,0.0,UK,mobile
100070,1,1,0.0,0.0,0.0,FR,mobile
100071,1,3,1.0,0.0,0.0,DE,tablet
100072,1,3,1.0,0.0,0.0,FR,desktop
100073,1,2,0.0,0.0,0.0,FR,mobile
100074,1,2,0.0,0.0,0.0,ES,desktop
100075,1,1,0.0,0.0,0.0,DE,desktop
100076,1,3,1.0,0.0,0.0,ES,mobile
100077,1,2,0.0,0.0,0.0,DE,mobile
100078,0,2,1.0,0.0,0.0,UK,mobile
100079,0,1,0.0,0.0,0.0,UK,desktop
100080,1,1,0.0,0.0,0.0,FR,mobile
100081,0,1,0.0,0.0,0.0,UK,mobile
100082,1,3,0.0,0.0,0.0,FR,tablet
100083,1,1,0.0,0.0,0.0,UK,desktop
100084,0,2,1.0,0.0,0.0,FR,mobile
100085,0,2,0.0,0.0,0.0,DE,mobile
100086,1,1,0.0,0.0,0.0,DE,mobile
100087,0,1,1.0,0.0,0.0,FR,mobile
100088,0,1,0.0,0.0,0.0,DE,desktop
100089,1,1,0.0,0.0,0.0,UK,desktop
100090,0,2,1.0,0.0,0.0,ES,mobile
100091,0,1,0.0,0.0,0.0,UK,mobile
100092,1,1,0.0,0.0,0.0,ES,desktop
100093,0,3,3.0,1.0,37782.56,DE,mobile
100094,1,1,0.0,0.0,0.0,UK,mobile
100095,1,2,0.0,0.0,0.0,UK,mobile
100096,0,3,2.0,1.0,30507.16,FR,mobile
100097,1,1,1.0,0.0,0.0,UK,tablet
100098,0,3,0.0,0.0,0.0,UK,mobile
100099,0,1,0.0,0.0,0.0,FR,mobile
100100,0,1,0.0,0.0,0.0,FR,mobile
100101,0,1,0.0,0.0,0.0,DE,tablet
100102,0,1,0.0,0.0,0.0,ES,mobile
100103,1,1,0.0,0.0,0.0,FR,mobile
100104,0,2,0.0,0.0,0.0,FR,mobile
100105,1,2,0.0,0.0,0.0,UK,mobile
100106,1,2,0.0,0.0,0.0,DE,mobile
100107,1,2,0.0,0.0,0.0,UK,desktop
100108,0,2,0.0,0.0,0.0,ES,mobile
100109,1,1,0.0,0.0,0.0,DE,mobile
100110,1,1,0.0,0.0,0.0,FR,desktop
100111,0,1,0.0,0.0,0.0,UK,mobile
100112,0,2,0.0,0.0,0.0,ES,mobile
100113,0,1,0.0,0.0,0.0,DE,mobile
100114,1,1,0.0,0.0,0.0,UK,tablet
100115,0,2,0.0,0.0,0.0,UK,mobile
100116,1,1,0.0,0.0,0.0,DE,desktop
100117,0,1,0.0,0.0,0.0,UK,desktop
100118,0,2,0.0,0.0,0.0,ES,mobile
100119,0,3,0.0,0.0,0.0,UK,tablet
100120,0,1,0.0,0.0,0.0,UK,mobile
100121,1,3,0.0,0.0,0.0,DE,mobile
100122,0,2,0.0,0.0,0.0,UK,desktop
100123,0,1,0.0,0.0,0.0,FR,desktop
100124,1,1,1.0,0.0,0.0,UK,mobile
100125,0,1,1.0,0.0,0.0,UK,mobile
100126,0,3,0.0,0.0,0.0,FR,mobile
100127,1,3,1.0,0.0,0.0,FR,desktop
100128,0,2,1.0,0.0,0.0,FR,mobile
100129,0,2,0.0,0.0,0.0,DE,mobile
100130,1,1,1.0,0.0,0.0,FR,mobile
100131,0,1,0.0,0.0,0.0,UK,mobile
100132,1,2,0.0,0.0,0.0,UK,desktop
100133,0,3,0.0,0.0,0.0,ES,mobile
100134,1,2,0.0,0.0,0.0,DE,tablet
100135,0,2,1.0,0.0,0.0,FR,mobile
100136,1,2,1.0,0.0,0.0,UK,desktop
100137,0,2,0.0,0.0,0.0,UK,mobile
100138,0,2,0.0,0.0,0.0,DE,mobile
100139,1,1,0.0,0.0,0.0,ES,mobile
100140,0,1,1.0,0.0,0.0,DE,mobile
100141,0,1,0.0,0.0,0.0,DE,mobile
100142,1,2,0.0,0.0,0.0,DE,tablet
100143,1,1,0.0,0.0,0.0,UK,desktop
100144,1,3,1.0,0.0,0.0,UK,mobile
100145,1,1,0.0,0.0,0.0,UK,mobile
100146,1,1,0.0,0.0,0.0,UK,mobile
100147,1,1,0.0,0.0,0.0,ES,mobile
100148,0,1,1.0,0.0,0.0,FR,desktop
100149,1,1,0.0,0.0,0.0,FR,tablet
100150,0,2,0.0,0.0,0.0,UK,mobile
100151,1,3,1.0,0.0,0.0,UK,mobile
100152,0,1,0.0,0.0,0.0,UK,mobile
100153,0,1,1.0,0.0,0.0,UK,desktop
100154,0,2,0.0,0.0,0.0,FR,mobile
100155,1,2,0.0,0.0,0.0,UK,desktop
100156,0,1,0.0,0.0,0.0,FR,desktop
100157,1,1,0.0,0.0,0.0,UK,mobile
100158,1,2,1.0,1.0,25093.55,UK,desktop
100159,1,1,0.0,0.0,0.0,UK,mobile
100160,1,2,0.0,0.0,0.0,FR,desktop
100161,1,3,0.0,0.0,0.0,DE,mobile
100162,1,1,1.0,0.0,0.0,UK,mobile
100163,0,2,2.0,0.0,0.0,UK,desktop
100164,0,1,0.0,0.0,0.0,DE,desktop
100165,0,3,0.0,0.0,0.0,UK,desktop
100166,1,2,0.0,0.0,0.0,UK,mobile
100167,1,2,0.0,0.0,0.0,DE,desktop
100168,1,2,0.0,0.0,0.0,FR,mobile
100169,1,1,0.0,0.0,0.0,UK,desktop
100170,0,1,0.0,0.0,0.0,ES,mobile
100171,0,2,1.0,0.0,0.0,DE,tablet
100172,0,1,1.0,0.0,0.0,UK,tablet
100173,1,1,0.0,0.0,0.0,FR,desktop
100174,1,1,1.0,1.0,13137.15,FR,mobile
100175,1,3,0.0,0.0,0.0,UK,mobile
100176,1,2,0.0,0.0,0.0,UK,desktop
100177,0,2,0.0,0.0,0.0,UK,mobile
100178,0,1,0.0,0.0,0.0,FR,desktop
100179,1,2,2.0,2.0,82062.1,UK,mobile
100180,1,1,0.0,0.0,0.0,DE,mobile
100181,0,2,0.0,0.0,0.0,DE,desktop
100182,1,1,0.0,0.0,0.0,UK,mobile
100183,1,1,0.0,0.0,0.0,FR,mobile
100184,0,1,1.0,0.0,0.0,UK,mobile
100185,0,1,0.0,0.0,0.0,FR,mobile
100186,1,1,0.0,0.0,0.0,DE,desktop
100187,1,1,0.0,0.0,0.0,UK,mobile
100188,1,3,0.0,0.0,0.0,FR,tablet
100189,1,2,0.0,0.0,0.0,UK,desktop
100190,0,1,0.0,0.0,0.0,UK,mobile
100191,1,3,1.0,0.0,0.0,UK,desktop
100192,1,3,2.0,1.0,32446.44,UK,mobile
100193,1,1,0.0,0.0,0.0,ES,mobile
100194,1,2,0.0,0.0,0.0,UK,tablet
100195,0,1,0.0,0.0,0.0,UK,mobile
100196,0,2,0.0,0.0,0.0,FR,mobile
100197,1,1,0.0,0.0,0.0,UK,mobile
100198,0,3,0.0,0.0,0.0,ES,mobile
100199,1,1,1.0,0.0,0.0,FR,mobile
100200,1,2,1.0,0.0,0.0,DE,desktop
100201,0,2,1.0,0.0,0.0,UK,desktop
100202,1,2,2.0,0.0,0.0,UK,mobile
100203,0,2,0.0,0.0,0.0,UK,mobile
100204,0,2,0.0,0.0,0.0,DE,mobile
100205,1,3,0.0,0.0,0.0,UK,mobile
100206,0,1,0.0,0.0,0.0,UK,mobile
100207,0,2,1.0,0.0,0.0,ES,mobile
100208,1,3,0.0,0.0,0.0,FR,mobile
100209,1,1,0.0,0.0,0.0,UK,mobile
100210,1,3,1.0,0.0,0.0,UK,mobile
100211,0,1,1.0,0.0,0.0,ES,tablet
100212,1,2,0.0,0.0,0.0,UK,tablet
100213,1,3,1.0,0.0,0.0,DE,mobile
100214,0,3,0.0,0.0,0.0,DE,tablet
100215,1,2,0.0,0.0,0.0,UK,desktop
100216,0,3,0.0,0.0,0.0,DE,mobile
100217,0,2,1.0,0.0,0.0,UK,mobile
100218,0,2,0.0,0.0,0.0,UK,desktop
100219,0,3,1.0,0.0,0.0,DE,desktop
100220,1,3,0.0,0.0,0.0,ES,mobile
100221,0,2,0.0,0.0,0.0,FR,desktop
100222,1,1,1.0,1.0,46419.81,FR,mobile
100223,1,1,1.0,0.0,0.0,UK,desktop
100224,0,1,1.0,1.0,32943.32,UK,tablet
100225,1,1,0.0,0.0,0.0,UK,mobile
100226,0,2,1.0,0.0,0.0,UK,desktop
100227,1,1,0.0,0.0,0.0,UK,mobile
100228,0,2,0.0,0.0,0.0,UK,desktop
100229,1,1,0.0,0.0,0.0,UK,desktop
100230,1,1,0.0,0.0,0.0,UK,mobile
100231,1,1,0.0,0.0,0.0,FR,desktop
100232,1,1,0.0,0.0,0.0,DE,mobile
100233,1,1,0.0,0.0,0.0,UK,desktop
100234,1,2,0.0,0.0,0.0,ES,mobile
100235,0,3,0.0,0.0,0.0,ES,desktop
100236,1,3,0.0,0.0,0.0,UK,mobile
100237,1,3,1.0,0.0,0.0,DE,desktop
100238,1,1,0.0,0.0,0.0,FR,mobile
100239,1,1,0.0,0.0,0.0,FR,desktop
100240,0,1,0.0,0.0,0.0,UK,tablet
100241,1,1,0.0,0.0,0.0,FR,tablet
100242,0,1,0.0,0.0,0.0,UK,desktop
100243,1,1,0.0,0.0,0.0,FR,desktop
100244,0,2,1.0,1.0,16536.38,FR,mobile
100245,1,3,2.0,1.0,49400.37,DE,mobile
100246,1,1,0.0,0.0,0.0,FR,mobile
100247,0,2,0.0,0.0,0.0,DE,desktop
100248,0,2,0.0,0.0,0.0,UK,desktop
100249,0,1,1.0,0.0,0.0,UK,mobile
100250,0,1,1.0,1.0,31044.66,DE,tablet
100251,1,2,0.0,0.0,0.0,UK,desktop
100252,0,1,0.0,0.0,0.0,UK,mobile
100253,0,2,0.0,0.0,0.0,UK,mobile
100254,1,3,0.0,0.0,0.0,UK,mobile
100255,0,1,0.0,0.0,0.0,ES,mobile
100256,0,2,0.0,0.0,0.0,FR,desktop
100257,0,2,1.0,0.0,0.0,ES,mobile
100258,1,3,0.0,0.0,0.0,FR,mobile
100259,1,1,0.0,0.0,0.0,FR,desktop
100260,0,2,0.0,0.0,0.0,UK,desktop
100261,0,2,1.0,0.0,0.0,FR,tablet
100262,1,1,0.0,0.0,0.0,UK,mobile
100263,1,1,1.0,0.0,0.0,ES,mobile
100264,0,2,0.0,0.0,0.0,DE,desktop
100265,1,2,1.0,0.0,0.0,UK,mobile
100266,0,3,2.0,0.0,0.0,ES,mobile
100267,0,1,0.0,0.0,0.0,DE,mobile
100268,1,2,0.0,0.0,0.0,DE,mobile
100269,1,1,0.0,0.0,0.0,UK,mobile
100270,1,2,0.0,0.0,0.0,FR,mobile
100271,0,1,0.0,0.0,0.0,FR,mobile
100272,0,1,0.0,0.0,0.0,UK,mobile
100273,0,3,1.0,0.0,0.0,UK,desktop
100274,0,3,1.0,0.0,0.0,DE,mobile
100275,1,2,0.0,0.0,0.0,UK,desktop
100276,1,3,3.0,2.0,73580.53,FR,mobile
100277,1,2,1.0,0.0,0.0,ES,mobile
100278,0,1,0.0,0.0,0.0,ES,mobile
100279,1,2,1.0,1.0,24327.68,UK,mobile
100280,0,2,1.0,0.0,0.0,ES,mobile
100281,1,1,0.0,0.0,0.0,UK,mobile
100282,1,3,0.0,0.0,0.0,UK,desktop
100283,1,1,0.0,0.0,0.0,FR,mobile
100284,0,1,0.0,0.0,0.0,UK,mobile
100285,1,2,1.0,0.0,0.0,UK,desktop
100286,0,2,0.0,0.0,0.0,FR,mobile
100287,1,1,0.0,0.0,0.0,UK,mobile
100288,0,1,0.0,0.0,0.0,UK,mobile
100289,1,1,0.0,0.0,0.0,FR,desktop
100290,1,1,0.0,0.0,0.0,DE,mobile
100291,1,1,0.0,0.0,0.0,FR,mobile
100292,1,3,1.0,1.0,30795.67,UK,mobile
100293,0,2,1.0,0.0,0.0,UK,desktop
100294,1,1,0.0,0.0,0.0,UK,mobile
100295,0,3,1.0,0.0,0.0,UK,tablet
100296,0,2,0.0,0.0,0.0,DE,mobile
100297,1,2,0.0,0.0,0.0,UK,tablet
100298,0,2,0.0,0.0,0.0,UK,tablet
100299,1,2,0.0,0.0,0.0,DE,mobile
100300,1,1,0.0,0.0,0.0,FR,mobile
100301,1,2,0.0,0.0,0.0,FR,mobile
100302,1,2,1.0,0.0,0.0,UK,mobile
100303,1,1,0.0,0.0,0.0,UK,desktop
100304,1,1,0.0,0.0,0.0,UK,mobile
100305,0,2,0.0,0.0,0.0,UK,mobile
100306,0,1,1.0,0.0,0.0,DE,mobile
100307,1,3,0.0,0.0,0.0,DE,desktop
100308,0,3,1.0,0.0,0.0,DE,mobile
100309,0,1,1.0,0.0,0.0,DE,mobile
100310,1,2,1.0,1.0,24429.05,UK,mobile
100311,1,1,0.0,0.0,0.0,DE,desktop
100312,0,2,0.0,0.0,0.0,UK,desktop
100313,1,2,0.0,0.0,0.0,FR,mobile
100314,1,1,0.0,0.0,0.0,FR,mobile
100315,0,2,0.0,0.0,0.0,UK,mobile
100316,1,2,1.0,0.0,0.0,UK,mobile
100317,0,2,1.0,0.0,0.0,ES,tablet
100318,0,1,0.0,0.0,0.0,UK,desktop
100319,0,3,1.0,1.0,37344.47,UK,mobile
100320,1,1,0.0,0.0,0.0,UK,desktop
100321,1,2,1.0,0.0,0.0,DE,mobile
100322,1,3,0.0,0.0,0.0,FR,desktop
100323,1,1,0.0,0.0,0.0,DE,desktop
100324,0,2,0.0,0.0,0.0,UK,mobile
100325,1,2,0.0,0.0,0.0,FR,desktop
100326,1,1,0.0,0.0,0.0,UK,mobile
100327,0,2,0.0,0.0,0.0,DE,mobile
100328,1,1,1.0,0.0,0.0,FR,mobile
100329,0,2,0.0,0.0,0.0,UK,mobile
100330,0,1,0.0,0.0,0.0,UK,desktop
100331,1,2,0.0,0.0,0.0,UK,tablet
100332,1,1,0.0,0.0,0.0,UK,mobile
100333,1,1,0.0,0.0,0.0,UK,desktop
100334,1,2,0.0,0.0,0.0,FR,desktop
100335,1,1,0.0,0.0,0.0,FR,mobile
100336,1,2,0.0,0.0,0.0,UK,mobile
100337,0,3,1.0,0.0,0.0,UK,mobile
100338,0,1,0.0,0.0,0.0,UK,desktop
100339,1,1,0.0,0.0,0.0,ES,tablet
100340,0,1,0.0,0.0,0.0,UK,mobile
100341,0,1,1.0,0.0,0.0,DE,desktop
100342,1,3,1.0,1.0,15607.36,DE,desktop
100343,0,2,1.0,1.0,37750.97,FR,mobile
100344,0,1,0.0,0.0,0.0,ES,mobile
100345,0,1,0.0,0.0,0.0,UK,mobile
100346,1,1,0.0,0.0,0.0,ES,mobile
100347,1,2,1.0,0.0,0.0,UK,mobile
100348,0,3,1.0,0.0,0.0,UK,mobile
100349,1,1,0.0,0.0,0.0,DE,mobile
100350,0,2,0.0,0.0,0.0,ES,mobile
100351,0,2,0.0,0.0,0.0,DE,desktop
100352,0,2,1.0,0.0,0.0,UK,mobile
100353,1,2,0.0,0.0,0.0,UK,desktop
100354,1,2,0.0,0.0,0.0,ES,mobile
100355,1,1,0.0,0.0,0.0,UK,mobile
100356,1,1,0.0,0.0,0.0,DE,tablet
100357,1,2,1.0,0.0,0.0,DE,mobile
100358,0,3,0.0,0.0,0.0,FR,mobile
100359,0,1,0.0,0.0,0.0,UK,desktop
100360,0,1,0.0,0.0,0.0,FR,mobile
100361,0,2,0.0,0.0,0.0,UK,mobile
100362,0,1,0.0,0.0,0.0,ES,mobile
100363,0,1,0.0,0.0,0.0,FR,mobile
100364,0,1,0.0,0.0,0.0,ES,mobile
100365,0,2,1.0,0.0,0.0,UK,mobile
100366,0,3,0.0,0.0,0.0,ES,desktop
100367,1,2,2.0,0.0,0.0,UK,desktop
100368,0,1,0.0,0.0,0.0,UK,desktop
100369,0,2,1.0,1.0,19691.07,UK,mobile
100370,0,1,0.0,0.0,0.0,DE,desktop
100371,1,1,0.0,0.0,0.0,DE,mobile
100372,1,2,1.0,0.0,0.0,DE,desktop
100373,1,3,1.0,1.0,33857.34,UK,desktop
100374,1,3,0.0,0.0,0.0,UK,desktop
100375,1,2,0.0,0.0,0.0,FR,mobile
100376,0,1,0.0,0.0,0.0,UK,mobile
100377,0,2,0.0,0.0,0.0,FR,mobile
100378,1,1,0.0,0.0,0.0,ES,desktop
100379,0,2,1.0,0.0,0.0,ES,mobile
100380,0,2,0.0,0.0,0.0,ES,desktop
100381,1,2,1.0,0.0,0.0,DE,mobile
100382,1,3,0.0,0.0,0.0,UK,mobile
100383,0,1,0.0,0.0,0.0,UK,mobile
100384,0,2,1.0,0.0,0.0,FR,mobile
100385,1,2,0.0,0.0,0.0,DE,mobile
100386,1,1,0.0,0.0,0.0,UK,mobile
100387,0,1,0.0,0.0,0.0,UK,tablet
100388,1,3,2.0,1.0,14918.76,UK,mobile
100389,0,1,1.0,1.0,45435.03,FR,mobile
100390,1,2,1.0,0.0,0.0,ES,desktop
100391,1,2,0.0,0.0,0.0,DE,desktop
100392,0,3,2.0,0.0,0.0,UK,desktop
100393,0,1,1.0,1.0,16551.89,ES,mobile
100394,0,1,0.0,0.0,0.0,DE,desktop
100395,0,1,0.0,0.0,0.0,UK,desktop
100396,1,1,0.0,0.0,0.0,UK,mobile
100397,1,1,0.0,0.0,0.0,UK,mobile
100398,1,1,1.0,0.0,0.0,UK,mobile
100399,0,2,0.0,0.0,0.0,ES,mobile
100400,0,2,1.0,0.0,0.0,FR,desktop
100401,1,1,0.0,0.0,0.0,ES,mobile
100402,1,3,0.0,0.0,0.0,UK,desktop
100403,1,2,0.0,0.0,0.0,UK,mobile
100404,0,2,0.0,0.0,0.0,FR,mobile
100405,0,3,1.0,0.0,0.0,UK,mobile
100406,1,2,0.0,0.0,0.0,FR,mobile
100407,1,1,0.0,0.0,0.0,ES,desktop
100408,0,1,0.0,0.0,0.0,FR,desktop
100409,1,2,1.0,0.0,0.0,FR,mobile
100410,1,3,0.0,0.0,0.0,UK,mobile
100411,1,1,0.0,0.0,0.0,UK,mobile
100412,0,2,0.0,0.0,0.0,UK,desktop
100413,1,1,0.0,0.0,0.0,FR,mobile
100414,1,2,0.0,0.0,0.0,UK,mobile
100415,1,1,0.0,0.0,0.0,UK,mobile
100416,0,1,0.0,0.0,0.0,FR,tablet
100417,0,1,0.0,0.0,0.0,UK,mobile
100418,0,1,1.0,0.0,0.0,UK,mobile
100419,0,1,0.0,0.0,0.0,UK,desktop
100420,1,1,0.0,0.0,0.0,ES,mobile
100421,0,1,0.0,0.0,0.0,DE,mobile
100422,0,2,0.0,0.0,0.0,FR,tablet
100423,1,3,1.0,0.0,0.0,UK,desktop
100424,0,2,0.0,0.0,0.0,ES,mobile
100425,1,2,0.0,0.0,0.0,DE,mobile
100426,0,3,2.0,2.0,56627.130000000005,UK,mobile
100427,0,1,0.0,0.0,0.0,ES,desktop
100428,1,1,0.0,0.0,0.0,UK,mobile
100429,1,1,0.0,0.0,0.0,FR,desktop
100430,1,3,0.0,0.0,0.0,FR,desktop
100431,0,3,1.0,1.0,24660.42,UK,mobile
100432,0,1,1.0,0.0,0.0,ES,desktop
100433,0,1,0.0,0.0,0.0,DE,tablet
100434,1,2,1.0,1.0,38460.17,FR,mobile
100435,0,1,1.0,0.0,0.0,UK,mobile
100436,0,1,0.0,0.0,0.0,UK,mobile
100437,0,1,0.0,0.0,0.0,UK,desktop
100438,0,2,0.0,0.0,0.0,DE,tablet
100439,0,3,1.0,0.0,0.0,UK,mobile
100440,1,2,1.0,0.0,0.0,FR,desktop
100441,1,1,0.0,0.0,0.0,DE,mobile
100442,0,2,1.0,0.0,0.0,UK,mobile
100443,1,2,0.0,0.0,0.0,DE,mobile
100444,1,1,0.0,0.0,0.0,UK,mobile
100445,1,1,0.0,0.0,0.0,ES,mobile
100446,0,3,0.0,0.0,0.0,FR,mobile
100447,1,2,1.0,0.0,0.0,UK,mobile
100448,0,1,0.0,0.0,0.0,UK,desktop
100449,0,2,0.0,0.0,0.0,UK,mobile
100450,1,1,0.0,0.0,0.0,DE,mobile
100451,0,1,0.0,0.0,0.0,DE,mobile
100452,1,1,0.0,0.0,0.0,FR,desktop
100453,0,2,0.0,0.0,0.0,UK,mobile
100454,0,2,0.0,0.0,0.0,UK,mobile
100455,1,2,1.0,0.0,0.0,UK,tablet
100456,1,2,0.0,0.0,0.0,FR,mobile
100457,1,1,0.0,0.0,0.0,ES,mobile
100458,1,2,0.0,0.0,0.0,UK,desktop
100459,1,3,0.0,0.0,0.0,UK,mobile
100460,0,2,1.0,0.0,0.0,FR,mobile
100461,1,2,1.0,0.0,0.0,DE,mobile
100462,0,1,0.0,0.0,0.0,DE,mobile
100463,1,1,0.0,0.0,0.0,ES,mobile
100464,0,1,0.0,0.0,0.0,UK,mobile
100465,1,2,0.0,0.0,0.0,UK,mobile
100466,0,3,0.0,0.0,0.0,ES,mobile
100467,0,1,0.0,0.0,0.0,DE,desktop
100468,1,2,0.0,0.0,0.0,UK,mobile
100469,1,1,0.0,0.0,0.0,DE,mobile
100470,0,2,0.0,0.0,0.0,DE,desktop
100471,0,1,0.0,0.0,0.0,FR,desktop
100472,0,1,0.0,0.0,0.0,DE,mobile
100473,1,2,0.0,0.0,0.0,UK,tablet
100474,0,2,1.0,0.0,0.0,FR,mobile
100475,1,3,2.0,0.0,0.0,FR,mobile
100476,1,3,0.0,0.0,0.0,DE,desktop
100477,0,2,0.0,0.0,0.0,DE,mobile
100478,0,2,1.0,0.0,0.0,DE,mobile
100479,0,3,1.0,1.0,30935.62,UK,mobile
100480,1,1,0.0,0.0,0.0,DE,mobile
100481,0,2,0.0,0.0,0.0,DE,mobile
100482,1,1,0.0,0.0,0.0,DE,desktop
100483,0,2,0.0,0.0,0.0,DE,mobile
100484,0,2,0.0,0.0,0.0,DE,desktop
100485,1,1,1.0,0.0,0.0,FR,mobile
100486,1,2,1.0,1.0,45297.92,FR,desktop
100487,0,2,0.0,0.0,0.0,UK,desktop
100488,1,1,0.0,0.0,0.0,UK,desktop
100489,1,2,0.0,0.0,0.0,FR,mobile
100490,0,1,0.0,0.0,0.0,DE,mobile
100491,0,1,1.0,1.0,43082.93,UK,mobile
100492,0,3,1.0,0.0,0.0,UK,desktop
100493,1,1,0.0,0.0,0.0,DE,desktop
100494,1,2,1.0,0.0,0.0,UK,mobile
100495,0,1,0.0,0.0,0.0,UK,mobile
100496,1,1,1.0,0.0,0.0,UK,mobile
100497,1,2,0.0,0.0,0.0,UK,mobile
100498,1,2,1.0,0.0,0.0,UK,mobile
100499,1,1,1.0,1.0,23031.15,UK,desktop
100500,1,3,1.0,1.0,29172.95,UK,tablet
100501,0,1,0.0,0.0,0.0,ES,mobile
100502,0,2,0.0,0.0,0.0,FR,mobile
100503,0,1,0.0,0.0,0.0,DE,mobile
100504,1,2,0.0,0.0,0.0,UK,mobile
100505,1,2,0.0,0.0,0.0,UK,mobile
100506,0,1,0.0,0.0,0.0,DE,mobile
100507,1,2,0.0,0.0,0.0,UK,desktop
100508,0,2,0.0,0.0,0.0,FR,mobile
100509,0,2,0.0,0.0,0.0,FR,mobile
100510,0,1,1.0,0.0,0.0,FR,desktop
100511,0,1,1.0,0.0,0.0,UK,desktop
100512,1,1,0.0,0.0,0.0,UK,mobile
100513,0,2,1.0,0.0,0.0,FR,mobile
100514,1,1,0.0,0.0,0.0,UK,mobile
100515,0,1,0.0,0.0,0.0,DE,desktop
100516,1,2,0.0,0.0,0.0,DE,desktop
100517,0,3,1.0,0.0,0.0,ES,desktop
100518,0,1,0.0,0.0,0.0,UK,mobile
100519,0,1,0.0,0.0,0.0,DE,desktop
100520,0,2,1.0,0.0,0.0,FR,mobile
100521,0,2,0.0,0.0,0.0,UK,mobile
100522,0,1,0.0,0.0,0.0,UK,mobile
100523,0,3,1.0,1.0,9080.68,DE,mobile
100524,1,1,0.0,0.0,0.0,UK,mobile
100525,1,2,0.0,0.0,0.0,UK,desktop
100526,1,1,0.0,0.0,0.0,UK,tablet
100527,1,2,0.0,0.0,0.0,DE,mobile
100528,1,2,0.0,0.0,0.0,DE,mobile
100529,0,2,0.0,0.0,0.0,DE,mobile
100530,1,3,0.0,0.0,0.0,UK,mobile
100531,0,1,0.0,0.0,0.0,UK,mobile
100532,1,1,0.0,0.0,0.0,FR,tablet
100533,0,1,1.0,1.0,34430.43,FR,mobile
100534,1,1,0.0,0.0,0.0,UK,mobile
100535,0,1,0.0,0.0,0.0,DE,mobile
100536,1,2,0.0,0.0,0.0,ES,desktop
100537,0,2,0.0,0.0,0.0,DE,desktop
100538,0,2,0.0,0.0,0.0,DE,tablet
100539,1,1,0.0,0.0,0.0,ES,desktop
100540,0,3,1.0,0.0,0.0,UK,mobile
100541,1,1,0.0,0.0,0.0,FR,mobile
100542,0,1,0.0,0.0,0.0,ES,desktop
100543,1,2,1.0,0.0,0.0,UK,mobile
100544,0,2,0.0,0.0,0.0,DE,mobile
100545,1,1,1.0,0.0,0.0,FR,mobile
100546,0,3,0.0,0.0,0.0,FR,mobile
100547,0,3,0.0,0.0,0.0,DE,mobile
100548,1,2,0.0,0.0,0.0,ES,mobile
100549,0,2,0.0,0.0,0.0,DE,desktop
100550,0,1,0.0,0.0,0.0,UK,mobile
100551,1,3,1.0,1.0,34943.88,ES,mobile
100552,1,2,0.0,0.0,0.0,UK,mobile
100553,0,2,0.0,0.0,0.0,UK,mobile
100554,1,2,1.0,0.0,0.0,FR,mobile
100555,1,2,0.0,0.0,0.0,FR,mobile
100556,0,2,1.0,1.0,9171.19,UK,mobile
100557,0,2,0.0,0.0,0.0,ES,mobile
100558,1,1,0.0,0.0,0.0,DE,mobile
100559,0,2,0.0,0.0,0.0,FR,mobile
100560,1,2,1.0,0.0,0.0,UK,mobile
100561,1,2,0.0,0.0,0.0,ES,mobile
100562,0,1,0.0,0.0,0.0,ES,mobile
100563,0,1,0.0,0.0,0.0,DE,desktop
100564,0,3,1.0,1.0,56769.82,UK,mobile
100565,0,2,0.0,0.0,0.0,UK,mobile
100566,1,2,1.0,0.0,0.0,UK,mobile
100567,0,1,0.0,0.0,0.0,UK,desktop
100568,1,1,0.0,0.0,0.0,UK,desktop
100569,0,1,0.0,0.0,0.0,ES,desktop
100570,1,1,1.0,0.0,0.0,FR,desktop
100571,1,2,0.0,0.0,0.0,UK,mobile
100572,1,2,0.0,0.0,0.0,UK,desktop
100573,0,3,0.0,0.0,0.0,UK,mobile
100574,1,3,2.0,0.0,0.0,UK,mobile
100575,1,1,1.0,0.0,0.0,UK,mobile
100576,1,2,0.0,0.0,0.0,UK,mobile
100577,0,2,0.0,0.0,0.0,DE,desktop
100578,0,2,1.0,1.0,31634.35,ES,mobile
100579,0,2,0.0,0.0,0.0,UK,desktop
100580,1,2,0.0,0.0,0.0,UK,mobile
100581,0,1,0.0,0.0,0.0,DE,mobile
100582,0,3,1.0,1.0,33304.32,UK,mobile
100583,0,2,0.0,0.0,0.0,UK,mobile
100584,1,1,0.0,0.0,0.0,ES,desktop
100585,0,2,0.0,0.0,0.0,UK,mobile
100586,1,3,1.0,0.0,0.0,FR,mobile
100587,1,2,0.0,0.0,0.0,FR,desktop
100588,1,1,1.0,0.0,0.0,UK,mobile
100589,1,2,1.0,1.0,27179.43,UK,tablet
100590,0,1,0.0,0.0,0.0,DE,mobile
100591,1,2,1.0,1.0,24527.53,UK,mobile
100592,0,1,0.0,0.0,0.0,UK,mobile
100593,0,1,0.0,0.0,0.0,DE,mobile
100594,1,2,0.0,0.0,0.0,FR,mobile
100595,1,2,0.0,0.0,0.0,UK,desktop
100596,1,1,0.0,0.0,0.0,ES,desktop
100597,0,1,1.0,0.0,0.0,UK,desktop
100598,1,2,1.0,1.0,43536.46,DE,mobile
100599,0,1,0.0,0.0,0.0,DE,mobile
100600,0,1,0.0,0.0,0.0,FR,mobile
100601,0,2,0.0,0.0,0.0,FR,mobile
100602,1,1,0.0,0.0,0.0,ES,desktop
100603,1,2,0.0,0.0,0.0,UK,mobile
100604,1,2,0.0,0.0,0.0,DE,mobile
100605,0,2,1.0,0.0,0.0,UK,mobile
100606,0,2,1.0,1.0,45862.57,UK,tablet
100607,1,1,0.0,0.0,0.0,UK,mobile
100608,0,1,0.0,0.0,0.0,ES,mobile
100609,1,1,0.0,0.0,0.0,ES,mobile
100610,1,1,1.0,1.0,32888.24,UK,mobile
100611,0,1,0.0,0.0,0.0,UK,mobile
100612,0,2,1.0,0.0,0.0,DE,mobile
100613,1,2,0.0,0.0,0.0,UK,desktop
100614,1,1,0.0,0.0,0.0,UK,mobile
100615,0,1,0.0,0.0,0.0,DE,desktop
100616,1,2,1.0,0.0,0.0,FR,tablet
100617,1,2,1.0,0.0,0.0,ES,desktop
100618,0,2,0.0,0.0,0.0,UK,mobile
100619,1,1,0.0,0.0,0.0,UK,mobile
100620,0,2,1.0,0.0,0.0,FR,mobile
100621,0,2,1.0,0.0,0.0,DE,desktop
100622,1,1,0.0,0.0,0.0,FR,mobile
100623,1,3,0.0,0.0,0.0,FR,desktop
100624,0,2,0.0,0.0,0.0,UK,mobile
100625,0,1,0.0,0.0,0.0,DE,mobile
100626,1,2,0.0,0.0,0.0,UK,mobile
100627,1,1,0.0,0.0,0.0,UK,mobile
100628,0,3,0.0,0.0,0.0,DE,mobile
100629,0,3,0.0,0.0,0.0,UK,mobile
100630,0,1,1.0,0.0,0.0,UK,mobile
100631,1,3,0.0,0.0,0.0,ES,mobile
100632,0,1,1.0,0.0,0.0,FR,mobile
100633,0,2,0.0,0.0,0.0,DE,mobile
100634,0,2,1.0,0.0,0.0,UK,mobile
100635,0,1,0.0,0.0,0.0,DE,desktop
100636,1,2,0.0,0.0,0.0,UK,desktop
100637,0,1,0.0,0.0,0.0,UK,desktop
100638,1,2,1.0,1.0,32085.85,ES,mobile
100639,1,1,0.0,0.0,0.0,DE,mobile
100640,1,2,0.0,0.0,0.0,FR,mobile
100641,0,1,0.0,0.0,0.0,UK,mobile
100642,1,3,1.0,1.0,49615.82,ES,mobile
100643,0,1,1.0,0.0,0.0,FR,tablet
100644,0,1,1.0,0.0,0.0,DE,mobile
100645,0,1,0.0,0.0,0.0,DE,mobile
100646,1,1,1.0,0.0,0.0,UK,desktop
100647,0,2,0.0,0.0,0.0,UK,tablet
100648,1,1,0.0,0.0,0.0,DE,desktop
100649,1,2,0.0,0.0,0.0,UK,mobile
100650,0,1,0.0,0.0,0.0,UK,mobile
100651,1,2,0.0,0.0,0.0,ES,mobile
100652,1,2,1.0,0.0,0.0,FR,mobile
100653,1,3,0.0,0.0,0.0,DE,mobile
100654,0,2,0.0,0.0,0.0,FR,mobile
100655,0,2,0.0,0.0,0.0,FR,tablet
100656,0,1,0.0,0.0,0.0,UK,mobile
100657,1,1,0.0,0.0,0.0,UK,desktop
100658,0,2,0.0,0.0,0.0,UK,desktop
100659,1,3,1.0,0.0,0.0,UK,mobile
100660,1,2,0.0,0.0,0.0,DE,desktop
100661,1,2,0.0,0.0,0.0,UK,mobile
100662,0,2,0.0,0.0,0.0,FR,mobile
100663,0,1,0.0,0.0,0.0,UK,desktop
100664,0,3,2.0,0.0,0.0,UK,mobile
100665,0,2,0.0,0.0,0.0,UK,tablet
100666,1,3,0.0,0.0,0.0,UK,mobile
100667,1,2,0.0,0.0,0.0,UK,mobile
100668,0,2,0.0,0.0,0.0,UK,mobile
100669,1,3,1.0,0.0,0.0,UK,mobile
100670,1,2,0.0,0.0,0.0,DE,mobile
100671,1,2,0.0,0.0,0.0,UK,desktop
100672,1,1,0.0,0.0,0.0,UK,desktop
100673,1,2,1.0,0.0,0.0,FR,desktop
100674,1,1,0.0,0.0,0.0,UK,mobile
100675,1,1,0.0,0.0,0.0,ES,desktop
100676,0,2,0.0,0.0,0.0,FR,desktop
100677,0,2,0.0,0.0,0.0,UK,desktop
100678,0,1,0.0,0.0,0.0,FR,mobile
100679,1,1,1.0,0.0,0.0,UK,desktop
100680,1,1,0.0,0.0,0.0,FR,desktop
100681,0,3,0.0,0.0,0.0,UK,mobile
100682,0,1,0.0,0.0,0.0,ES,desktop
100683,1,2,1.0,0.0,0.0,UK,mobile
100684,1,2,0.0,0.0,0.0,FR,mobile
100685,1,3,0.0,0.0,0.0,FR,mobile
100686,0,2,0.0,0.0,0.0,UK,mobile
100687,0,1,1.0,1.0,13688.1,UK,mobile
100688,0,3,1.0,0.0,0.0,DE,desktop
100689,1,1,0.0,0.0,0.0,DE,mobile
100690,0,1,1.0,1.0,12290.52,UK,desktop
100691,0,1,0.0,0.0,0.0,DE,desktop
100692,1,1,1.0,0.0,0.0,ES,mobile
100693,0,3,1.0,0.0,0.0,ES,desktop
100694,1,2,0.0,0.0,0.0,UK,tablet
100695,0,1,0.0,0.0,0.0,DE,desktop
100696,1,2,0.0,0.0,0.0,UK,desktop
100697,1,1,0.0,0.0,0.0,ES,tablet
100698,0,1,1.0,0.0,0.0,FR,mobile
100699,0,1,1.0,0.0,0.0,UK,mobile
100700,0,1,0.0,0.0,0.0,DE,desktop
100701,0,1,0.0,0.0,0.0,UK,mobile
100702,0,1,1.0,0.0,0.0,ES,mobile
100703,0,2,0.0,0.0,0.0,ES,mobile
100704,1,1,0.0,0.0,0.0,DE,desktop
100705,1,1,0.0,0.0,0.0,UK,mobile
100706,1,1,0.0,0.0,0.0,DE,tablet
100707,0,3,1.0,0.0,0.0,UK,mobile
100708,0,1,0.0,0.0,0.0,UK,mobile
100709,0,1,0.0,0.0,0.0,DE,mobile
100710,0,2,0.0,0.0,0.0,UK,mobile
100711,1,1,0.0,0.0,0.0,UK,desktop
100712,0,2,0.0,0.0,0.0,ES,desktop
100713,0,1,0.0,0.0,0.0,UK,desktop
100714,0,3,1.0,0.0,0.0,UK,mobile
100715,1,2,0.0,0.0,0.0,ES,mobile
100716,0,1,1.0,0.0,0.0,UK,desktop
100717,0,1,0.0,0.0,0.0,DE,tablet
100718,0,2,0.0,0.0,0.0,ES,mobile
100719,0,1,0.0,0.0,0.0,ES,mobile
100720,0,1,0.0,0.0,0.0,DE,mobile
100721,0,3,0.0,0.0,0.0,UK,desktop
100722,0,2,0.0,0.0,0.0,UK,desktop
100723,0,2,1.0,0.0,0.0,DE,mobile
100724,0,1,0.0,0.0,0.0,ES,mobile
100725,0,2,0.0,0.0,0.0,FR,desktop
100726,0,3,1.0,0.0,0.0,UK,mobile
100727,0,2,1.0,1.0,37328.86,UK,mobile
100728,0,1,1.0,0.0,0.0,UK,mobile
100729,1,2,0.0,0.0,0.0,DE,mobile
100730,0,3,0.0,0.0,0.0,UK,mobile
100731,0,2,1.0,0.0,0.0,ES,desktop
100732,1,2,0.0,0.0,0.0,DE,desktop
100733,1,2,1.0,1.0,1000.0,UK,desktop
100734,0,1,0.0,0.0,0.0,FR,desktop
100735,1,2,0.0,0.0,0.0,UK,mobile
100736,0,2,0.0,0.0,0.0,FR,desktop
100737,0,1,0.0,0.0,0.0,DE,mobile
100738,0,2,0.0,0.0,0.0,DE,desktop
100739,1,1,0.0,0.0,0.0,DE,tablet
100740,1,2,0.0,0.0,0.0,UK,mobile
100741,0,1,0.0,0.0,0.0,UK,mobile
100742,1,3,0.0,0.0,0.0,DE,mobile
100743,0,1,1.0,0.0,0.0,UK,mobile
100744,0,1,0.0,0.0,0.0,UK,mobile
100745,0,1,0.0,0.0,0.0,UK,desktop
100746,0,3,1.0,1.0,29689.94,DE,tablet
100747,1,1,0.0,0.0,0.0,UK,mobile
100748,1,1,0.0,0.0,0.0,DE,mobile
100749,1,1,0.0,0.0,0.0,ES,mobile
100750,0,2,0.0,0.0,0.0,UK,desktop
100751,1,1,1.0,1.0,31008.86,UK,mobile
100752,0,1,1.0,0.0,0.0,UK,mobile
100753,1,1,0.0,0.0,0.0,ES,mobile
100754,1,1,1.0,1.0,36538.29,UK,mobile
100755,0,1,1.0,0.0,0.0,UK,mobile
100756,0,1,0.0,0.0,0.0,UK,desktop
100757,0,2,1.0,0.0,0.0,DE,mobile
100758,1,2,0.0,0.0,0.0,UK,desktop
100759,0,1,0.0,0.0,0.0,DE,mobile
100760,0,2,0.0,0.0,0.0,ES,desktop
100761,1,1,0.0,0.0,0.0,UK,desktop
100762,1,1,1.0,0.0,0.0,DE,mobile
100763,0,1,0.0,0.0,0.0,UK,mobile
100764,0,3,0.0,0.0,0.0,ES,mobile
100765,0,1,0.0,0.0,0.0,DE,desktop
100766,1,2,0.0,0.0,0.0,ES,mobile
100767,0,1,0.0,0.0,0.0,UK,tablet
100768,0,1,0.0,0.0,0.0,UK,mobile
100769,1,1,1.0,0.0,0.0,UK,desktop
100770,0,1,0.0,0.0,0.0,UK,desktop
100771,0,2,0.0,0.0,0.0,UK,desktop
100772,1,1,0.0,0.0,0.0,UK,mobile
100773,0,1,0.0,0.0,0.0,UK,mobile
100774,1,2,0.0,0.0,0.0,UK,desktop
100775,0,1,1.0,0.0,0.0,DE,mobile
100776,1,2,0.0,0.0,0.0,FR,mobile
100777,1,2,0.0,0.0,0.0,UK,mobile
100778,0,1,0.0,0.0,0.0,UK,mobile
100779,1,1,0.0,0.0,0.0,UK,mobile
100780,1,2,0.0,0.0,0.0,ES,mobile
100781,1,2,0.0,0.0,0.0,UK,mobile
100782,0,2,0.0,0.0,0.0,DE,desktop
100783,0,2,0.0,0.0,0.0,ES,desktop
100784,0,1,0.0,0.0,0.0,DE,desktop
100785,0,2,0.0,0.0,0.0,DE,tablet
100786,1,2,0.0,0.0,0.0,DE,mobile
100787,1,2,1.0,1.0,25392.65,ES,mobile
100788,0,1,1.0,0.0,0.0,FR,mobile
100789,1,3,0.0,0.0,0.0,FR,mobile
100790,0,2,1.0,1.0,27823.13,FR,tablet
100791,0,1,0.0,0.0,0.0,FR,mobile
100792,1,3,1.0,1.0,45821.67,FR,mobile
100793,1,2,0.0,0.0,0.0,UK,mobile
100794,0,1,0.0,0.0,0.0,UK,mobile
100795,0,2,0.0,0.0,0.0,UK,desktop
100796,0,1,0.0,0.0,0.0,UK,mobile
100797,0,2,1.0,0.0,0.0,UK,tablet
100798,1,1,0.0,0.0,0.0,UK,mobile
100799,0,2,1.0,0.0,0.0,FR,mobile
100800,0,3,1.0,0.0,0.0,UK,desktop
100801,1,2,0.0,0.0,0.0,DE,mobile
100802,1,1,0.0,0.0,0.0,UK,desktop
100803,0,2,2.0,0.0,0.0,UK,tablet
100804,1,2,0.0,0.0,0.0,DE,desktop
100805,1,1,0.0,0.0,0.0,FR,desktop
100806,0,2,0.0,0.0,0.0,UK,mobile
100807,1,1,0.0,0.0,0.0,ES,tablet
100808,0,1,0.0,0.0,0.0,ES,mobile
100809,1,1,0.0,0.0,0.0,UK,desktop
100810,0,3,0.0,0.0,0.0,UK,tablet
100811,1,2,0.0,0.0,0.0,ES,tablet
100812,1,3,2.0,0.0,0.0,FR,desktop
100813,0,1,0.0,0.0,0.0,FR,mobile
100814,1,2,0.0,0.0,0.0,DE,tablet
100815,0,2,0.0,0.0,0.0,UK,desktop
100816,0,1,1.0,0.0,0.0,UK,tablet
100817,0,2,0.0,0.0,0.0,UK,desktop
100818,1,3,1.0,1.0,56422.88,DE,mobile
100819,0,2,0.0,0.0,0.0,FR,mobile
100820,1,3,0.0,0.0,0.0,DE,mobile
100821,1,1,0.0,0.0,0.0,UK,desktop
100822,0,2,0.0,0.0,0.0,UK,mobile
100823,1,2,0.0,0.0,0.0,FR,mobile
100824,1,2,0.0,0.0,0.0,DE,mobile
100825,1,2,1.0,0.0,0.0,FR,desktop
100826,0,2,0.0,0.0,0.0,UK,mobile
100827,1,2,1.0,0.0,0.0,ES,mobile
100828,1,3,2.0,1.0,30154.89,UK,mobile
100829,1,1,0.0,0.0,0.0,ES,mobile
100830,1,2,0.0,0.0,0.0,UK,mobile
100831,0,1,0.0,0.0,0.0,DE,mobile
100832,1,1,0.0,0.0,0.0,UK,mobile
100833,1,2,0.0,0.0,0.0,ES,tablet
100834,0,2,0.0,0.0,0.0,FR,desktop
100835,0,1,0.0,0.0,0.0,UK,mobile
100836,0,1,0.0,0.0,0.0,UK,tablet
100837,1,1,0.0,0.0,0.0,UK,mobile
100838,1,1,0.0,0.0,0.0,UK,mobile
100839,0,2,1.0,0.0,0.0,ES,mobile
100840,1,2,1.0,0.0,0.0,UK,mobile
100841,0,1,1.0,1.0,34125.11,DE,mobile
100842,1,3,3.0,1.0,66163.52,FR,mobile
100843,0,2,0.0,0.0,0.0,DE,mobile
100844,1,3,2.0,1.0,60083.89,UK,desktop
100845,1,1,0.0,0.0,0.0,UK,mobile
100846,0,1,0.0,0.0,0.0,DE,mobile
100847,0,1,0.0,0.0,0.0,ES,mobile
100848,1,3,2.0,2.0,79029.5,UK,mobile
100849,1,1,0.0,0.0,0.0,UK,mobile
100850,0,2,1.0,0.0,0.0,FR,mobile
100851,0,2,1.0,1.0,16594.3,ES,desktop
100852,1,1,0.0,0.0,0.0,UK,mobile
100853,1,2,0.0,0.0,0.0,UK,mobile
100854,0,3,2.0,0.0,0.0,ES,desktop
100855,0,2,1.0,1.0,21479.29,UK,mobile
100856,0,2,1.0,0.0,0.0,UK,mobile
100857,0,2,0.0,0.0,0.0,FR,desktop
100858,0,1,0.0,0.0,0.0,ES,mobile
100859,0,2,0.0,0.0,0.0,UK,mobile
100860,0,2,0.0,0.0,0.0,FR,mobile
100861,0,1,0.0,0.0,0.0,FR,mobile
100862,0,1,0.0,0.0,0.0,FR,mobile
100863,0,2,0.0,0.0,0.0,FR,mobile
100864,0,2,1.0,0.0,0.0,FR,mobile
100865,0,1,0.0,0.0,0.0,UK,mobile
100866,1,1,0.0,0.0,0.0,FR,desktop
100867,0,2,1.0,1.0,33389.41,FR,mobile
100868,0,3,0.0,0.0,0.0,FR,mobile
100869,1,1,0.0,0.0,0.0,ES,mobile
100870,1,1,0.0,0.0,0.0,UK,desktop
100871,0,1,1.0,1.0,29379.44,DE,mobile
100872,0,2,0.0,0.0,0.0,DE,desktop
100873,1,2,2.0,0.0,0.0,UK,mobile
100874,0,1,1.0,0.0,0.0,FR,mobile
100875,1,2,1.0,1.0,22154.11,UK,mobile
100876,1,3,1.0,1.0,34241.54,UK,mobile
100877,1,1,0.0,0.0,0.0,UK,mobile
100878,1,1,0.0,0.0,0.0,UK,mobile
100879,0,1,0.0,0.0,0.0,UK,mobile
100880,1,2,1.0,0.0,0.0,DE,mobile
100881,1,1,0.0,0.0,0.0,UK,desktop
100882,1,3,0.0,0.0,0.0,DE,desktop
100883,1,1,0.0,0.0,0.0,FR,mobile
100884,1,3,1.0,1.0,61656.44,ES,mobile
100885,1,3,1.0,0.0,0.0,FR,mobile
100886,1,2,0.0,0.0,0.0,UK,desktop
100887,0,2,0.0,0.0,0.0,DE,mobile
100888,1,1,0.0,0.0,0.0,UK,tablet
100889,1,2,1.0,1.0,45399.16,FR,mobile
100890,1,2,1.0,0.0,0.0,ES,mobile
100891,0,3,0.0,0.0,0.0,UK,mobile
100892,1,1,0.0,0.0,0.0,UK,desktop
100893,1,2,0.0,0.0,0.0,DE,mobile
100894,1,2,1.0,0.0,0.0,ES,mobile
100895,1,3,1.0,1.0,41236.35,DE,tablet
100896,0,1,0.0,0.0,0.0,UK,mobile
100897,1,2,1.0,0.0,0.0,DE,desktop
100898,0,2,0.0,0.0,0.0,UK,mobile
100899,1,2,0.0,0.0,0.0,DE,desktop
100900,1,1,0.0,0.0,0.0,ES,mobile
100901,1,1,0.0,0.0,0.0,DE,mobile
100902,1,1,0.0,0.0,0.0,ES,desktop
100903,1,1,1.0,1.0,49406.54,UK,mobile
100904,1,1,1.0,0.0,0.0,DE,mobile
100905,1,3,0.0,0.0,0.0,DE,mobile
100906,1,1,0.0,0.0,0.0,UK,mobile
100907,0,3,1.0,0.0,0.0,ES,mobile
100908,1,1,0.0,0.0,0.0,UK,mobile
100909,1,2,1.0,0.0,0.0,DE,mobile
100910,0,1,0.0,0.0,0.0,DE,mobile
100911,0,2,0.0,0.0,0.0,DE,mobile
100912,0,1,1.0,0.0,0.0,UK,mobile
100913,1,1,1.0,0.0,0.0,FR,desktop
100914,0,2,1.0,0.0,0.0,FR,desktop
100915,1,2,1.0,0.0,0.0,ES,desktop
100916,0,1,0.0,0.0,0.0,UK,mobile
100917,1,2,0.0,0.0,0.0,UK,mobile
100918,0,1,0.0,0.0,0.0,DE,mobile
100919,0,2,0.0,0.0,0.0,UK,mobile
100920,0,1,0.0,0.0,0.0,FR,mobile
100921,0,2,0.0,0.0,0.0,FR,mobile
100922,1,2,1.0,0.0,0.0,ES,mobile
100923,0,3,0.0,0.0,0.0,FR,tablet
100924,0,2,1.0,1.0,46019.36,FR,mobile
100925,1,1,1.0,0.0,0.0,UK,mobile
100926,1,2,1.0,0.0,0.0,UK,mobile
100927,0,2,0.0,0.0,0.0,UK,mobile
100928,1,2,1.0,1.0,33665.84,UK,desktop
100929,1,2,0.0,0.0,0.0,FR,mobile
100930,0,2,1.0,0.0,0.0,DE,mobile
100931,1,1,1.0,1.0,45749.91,FR,mobile
100932,0,3,0.0,0.0,0.0,DE,mobile
100933,1,1,0.0,0.0,0.0,ES,mobile
100934,0,1,0.0,0.0,0.0,DE,desktop
100935,0,1,0.0,0.0,0.0,DE,desktop
100936,1,2,0.0,0.0,0.0,FR,desktop
100937,1,1,0.0,0.0,0.0,UK,mobile
100938,1,2,0.0,0.0,0.0,UK,desktop
100939,0,1,0.0,0.0,0.0,UK,mobile
100940,0,2,1.0,0.0,0.0,ES,mobile
100941,0,1,0.0,0.0,0.0,DE,desktop
100942,1,2,0.0,0.0,0.0,UK,mobile
100943,0,3,0.0,0.0,0.0,FR,mobile
100944,0,2,0.0,0.0,0.0,DE,desktop
100945,0,2,0.0,0.0,0.0,UK,mobile
100946,1,1,0.0,0.0,0.0,UK,mobile
100947,0,1,0.0,0.0,0.0,ES,mobile
100948,0,2,0.0,0.0,0.0,UK,desktop
100949,1,2,2.0,1.0,17774.3,UK,tablet
100950,1,1,1.0,0.0,0.0,FR,desktop
100951,0,2,0.0,0.0,0.0,ES,mobile
100952,1,2,0.0,0.0,0.0,FR,mobile
100953,0,3,0.0,0.0,0.0,UK,mobile
100954,1,2,1.0,0.0,0.0,UK,mobile
100955,1,2,0.0,0.0,0.0,FR,mobile
100956,1,3,0.0,0.0,0.0,FR,mobile
100957,1,1,0.0,0.0,0.0,DE,mobile
100958,1,1,0.0,0.0,0.0,UK,tablet
100959,1,2,0.0,0.0,0.0,ES,mobile
100960,1,2,1.0,0.0,0.0,UK,mobile
100961,1,2,0.0,0.0,0.0,UK,mobile
100962,1,2,0.0,0.0,0.0,UK,desktop
100963,0,2,0.0,0.0,0.0,UK,desktop
100964,0,1,0.0,0.0,0.0,FR,desktop
100965,0,2,1.0,0.0,0.0,FR,desktop
100966,1,2,1.0,0.0,0.0,UK,mobile
100967,0,3,0.0,0.0,0.0,FR,mobile
100968,1,2,0.0,0.0,0.0,UK,mobile
100969,1,2,0.0,0.0,0.0,DE,mobile
100970,0,1,0.0,0.0,0.0,ES,mobile
100971,0,1,0.0,0.0,0.0,UK,mobile
100972,0,2,1.0,1.0,40151.38,FR,tablet
100973,0,2,0.0,0.0,0.0,UK,tablet
100974,0,1,0.0,0.0,0.0,UK,desktop
100975,0,1,1.0,0.0,0.0,UK,desktop
100976,1,3,0.0,0.0,0.0,DE,desktop
100977,0,1,0.0,0.0,0.0,FR,mobile
100978,0,1,0.0,0.0,0.0,UK,mobile
100979,1,2,0.0,0.0,0.0,DE,desktop
100980,0,1,0.0,0.0,0.0,FR,desktop
100981,0,1,0.0,0.0,0.0,DE,mobile
100982,1,1,0.0,0.0,0.0,FR,tablet
100983,0,1,0.0,0.0,0.0,FR,mobile
100984,1,1,0.0,0.0,0.0,UK,mobile
100985,1,1,0.0,0.0,0.0,UK,desktop
100986,1,2,0.0,0.0,0.0,ES,mobile
100987,1,2,1.0,0.0,0.0,UK,mobile
100988,1,1,0.0,0.0,0.0,ES,mobile
100989,0,1,1.0,0.0,0.0,FR,desktop
100990,0,1,0.0,0.0,0.0,UK,mobile
100991,0,1,0.0,0.0,0.0,UK,desktop
100992,0,3,1.0,0.0,0.0,UK,mobile
100993,1,2,1.0,1.0,37906.43,ES,mobile
100994,1,2,1.0,0.0,0.0,UK,tablet
100995,0,1,0.0,0.0,0.0,UK,mobile
100996,1,3,1.0,0.0,0.0,UK,tablet
100997,0,1,0.0,0.0,0.0,UK,mobile
100998,1,2,1.0,0.0,0.0,FR,tablet
100999,0,3,0.0,0.0,0.0,UK,mobile
101000,1,1,0.0,0.0,0.0,DE,mobile
101001,0,1,0.0,0.0,0.0,UK,mobile
101002,1,2,0.0,0.0,0.0,UK,mobile
101003,1,3,1.0,0.0,0.0,FR,mobile
101004,1,1,0.0,0.0,0.0,UK,mobile
101005,1,3,0.0,0.0,0.0,ES,mobile
101006,1,1,1.0,1.0,55274.39,FR,mobile
101007,0,1,0.0,0.0,0.0,UK,mobile
101008,1,3,0.0,0.0,0.0,FR,desktop
101009,0,1,0.0,0.0,0.0,UK,mobile
101010,1,1,0.0,0.0,0.0,UK,desktop
101011,1,1,0.0,0.0,0.0,ES,desktop
101012,1,1,0.0,0.0,0.0,DE,desktop
101013,1,3,0.0,0.0,0.0,ES,mobile
101014,0,1,0.0,0.0,0.0,FR,desktop
101015,1,3,0.0,0.0,0.0,FR,tablet
101016,1,2,0.0,0.0,0.0,UK,desktop
101017,0,1,0.0,0.0,0.0,UK,mobile
101018,0,2,1.0,0.0,0.0,DE,desktop
101019,0,2,0.0,0.0,0.0,UK,desktop
101020,1,1,0.0,0.0,0.0,DE,mobile
101021,0,2,1.0,0.0,0.0,DE,mobile
101022,0,1,0.0,0.0,0.0,UK,mobile
101023,0,2,0.0,0.0,0.0,FR,desktop
101024,1,3,3.0,2.0,80204.71,DE,mobile
101025,0,1,0.0,0.0,0.0,UK,desktop
101026,0,3,1.0,0.0,0.0,DE,mobile
101027,1,1,0.0,0.0,0.0,FR,mobile
101028,0,2,0.0,0.0,0.0,UK,mobile
101029,1,1,0.0,0.0,0.0,FR,mobile
101030,1,3,2.0,0.0,0.0,ES,tablet
101031,0,1,0.0,0.0,0.0,UK,desktop
101032,0,1,0.0,0.0,0.0,DE,desktop
101033,0,1,0.0,0.0,0.0,UK,mobile
101034,1,3,0.0,0.0,0.0,DE,desktop
101035,1,1,0.0,0.0,0.0,DE,mobile
101036,1,1,0.0,0.0,0.0,UK,mobile
101037,0,2,1.0,0.0,0.0,UK,mobile
101038,0,1,0.0,0.0,0.0,DE,desktop
101039,1,2,0.0,0.0,0.0,FR,desktop
101040,0,1,0.0,0.0,0.0,DE,tablet
101041,0,2,0.0,0.0,0.0,UK,mobile
101042,1,2,1.0,1.0,31840.86,ES,desktop
101043,0,1,0.0,0.0,0.0,DE,mobile
101044,1,1,0.0,0.0,0.0,ES,mobile
101045,0,1,0.0,0.0,0.0,UK,mobile
101046,0,1,0.0,0.0,0.0,FR,mobile
101047,0,3,0.0,0.0,0.0,FR,mobile
101048,1,2,0.0,0.0,0.0,UK,mobile
101049,0,3,0.0,0.0,0.0,FR,desktop
101050,0,2,0.0,0.0,0.0,UK,desktop
101051,1,3,1.0,0.0,0.0,DE,mobile
101052,1,1,0.0,0.0,0.0,FR,tablet
101053,1,1,0.0,0.0,0.0,UK,mobile
101054,0,1,1.0,0.0,0.0,DE,mobile
101055,0,3,1.0,0.0,0.0,FR,desktop
101056,0,2,2.0,1.0,27789.05,UK,mobile
101057,1,1,0.0,0.0,0.0,ES,mobile
101058,1,1,0.0,0.0,0.0,ES,mobile
101059,0,2,1.0,0.0,0.0,FR,mobile
101060,0,1,0.0,0.0,0.0,UK,desktop
101061,0,2,0.0,0.0,0.0,DE,mobile
101062,0,1,0.0,0.0,0.0,FR,mobile
101063,0,3,0.0,0.0,0.0,UK,mobile
101064,1,1,1.0,0.0,0.0,FR,desktop
101065,1,2,1.0,1.0,36948.34,FR,mobile
101066,1,1,0.0,0.0,0.0,FR,desktop
101067,0,2,2.0,0.0,0.0,UK,mobile
101068,0,1,0.0,0.0,0.0,FR,mobile
101069,1,1,0.0,0.0,0.0,ES,mobile
101070,1,2,1.0,1.0,27828.23,UK,mobile
101071,1,1,0.0,0.0,0.0,DE,mobile
101072,0,1,0.0,0.0,0.0,ES,mobile
101073,1,1,0.0,0.0,0.0,FR,desktop
101074,0,3,0.0,0.0,0.0,UK,mobile
101075,1,3,0.0,0.0,0.0,FR,desktop
101076,1,1,0.0,0.0,0.0,FR,mobile
101077,0,2,1.0,1.0,40899.28,DE,mobile
101078,0,1,0.0,0.0,0.0,FR,mobile
101079,1,3,1.0,1.0,35709.25,ES,desktop
101080,1,1,0.0,0.0,0.0,UK,mobile
101081,1,1,0.0,0.0,0.0,UK,mobile
101082,1,2,0.0,0.0,0.0,FR,mobile
101083,1,2,0.0,0.0,0.0,UK,mobile
101084,1,2,0.0,0.0,0.0,UK,mobile
101085,0,1,0.0,0.0,0.0,UK,mobile
101086,0,1,0.0,0.0,0.0,UK,mobile
101087,0,1,0.0,0.0,0.0,UK,mobile
101088,1,2,0.0,0.0,0.0,ES,desktop
101089,0,1,0.0,0.0,0.0,UK,mobile
101090,1,2,1.0,1.0,58955.98,DE,mobile
101091,1,1,0.0,0.0,0.0,DE,mobile
101092,1,3,0.0,0.0,0.0,ES,desktop
101093,0,1,0.0,0.0,0.0,UK,mobile
101094,1,3,1.0,1.0,44529.93,ES,mobile
101095,0,2,1.0,0.0,0.0,FR,mobile
101096,1,1,0.0,0.0,0.0,FR,mobile
101097,1,1,1.0,0.0,0.0,FR,mobile
101098,0,2,0.0,0.0,0.0,DE,desktop
101099,1,1,0.0,0.0,0.0,UK,desktop
101100,0,1,0.0,0.0,0.0,DE,mobile
101101,0,2,1.0,0.0,0.0,FR,mobile
101102,0,1,0.0,0.0,0.0,DE,mobile
101103,0,1,0.0,0.0,0.0,ES,mobile
101104,1,1,0.0,0.0,0.0,UK,mobile
101105,0,2,1.0,0.0,0.0,ES,mobile
101106,0,2,1.0,0.0,0.0,UK,desktop
101107,0,3,0.0,0.0,0.0,UK,mobile
101108,0,1,1.0,0.0,0.0,UK,mobile
101109,1,1,0.0,0.0,0.0,UK,mobile
101110,0,3,1.0,1.0,67685.07,FR,mobile
101111,0,3,1.0,0.0,0.0,UK,mobile
101112,1,2,0.0,0.0,0.0,UK,desktop
101113,0,1,0.0,0.0,0.0,ES,mobile
101114,1,1,1.0,0.0,0.0,DE,desktop
101115,1,2,0.0,0.0,0.0,DE,desktop
101116,1,1,0.0,0.0,0.0,ES,desktop
101117,1,1,0.0,0.0,0.0,DE,mobile
101118,1,2,0.0,0.0,0.0,UK,mobile
101119,0,1,0.0,0.0,0.0,UK,mobile
101120,1,1,0.0,0.0,0.0,DE,mobile
101121,0,3,0.0,0.0,0.0,UK,mobile
101122,1,1,0.0,0.0,0.0,DE,desktop
101123,1,2,0.0,0.0,0.0,UK,mobile
101124,0,1,0.0,0.0,0.0,UK,mobile
101125,1,2,1.0,1.0,31555.39,FR,mobile
101126,1,3,1.0,0.0,0.0,FR,mobile
101127,0,3,1.0,0.0,0.0,FR,mobile
101128,1,2,0.0,0.0,0.0,DE,desktop
101129,1,1,1.0,0.0,0.0,UK,desktop
101130,0,2,2.0,1.0,33447.22,UK,desktop
101131,0,2,2.0,0.0,0.0,ES,desktop
101132,0,1,0.0,0.0,0.0,DE,desktop
101133,0,3,0.0,0.0,0.0,UK,mobile
101134,1,2,0.0,0.0,0.0,DE,desktop
101135,0,3,1.0,0.0,0.0,UK,mobile
101136,1,1,1.0,1.0,33007.11,FR,mobile
101137,0,2,0.0,0.0,0.0,UK,desktop
101138,1,1,0.0,0.0,0.0,DE,mobile
101139,0,1,0.0,0.0,0.0,DE,mobile
101140,0,3,1.0,0.0,0.0,UK,mobile
101141,1,1,0.0,0.0,0.0,ES,mobile
101142,0,2,0.0,0.0,0.0,UK,desktop
101143,0,2,1.0,0.0,0.0,UK,mobile
101144,1,3,0.0,0.0,0.0,UK,mobile
101145,1,3,2.0,0.0,0.0,UK,mobile
101146,0,2,0.0,0.0,0.0,UK,mobile
101147,1,2,0.0,0.0,0.0,FR,desktop
101148,0,2,0.0,0.0,0.0,DE,mobile
101149,0,1,0.0,0.0,0.0,FR,mobile
101150,1,3,1.0,0.0,0.0,UK,desktop
101151,1,1,0.0,0.0,0.0,UK,tablet
101152,0,1,0.0,0.0,0.0,UK,desktop
101153,1,1,0.0,0.0,0.0,UK,desktop
101154,0,2,1.0,0.0,0.0,DE,mobile
101155,1,1,0.0,0.0,0.0,UK,mobile
101156,1,3,2.0,1.0,33577.07,DE,mobile
101157,0,1,0.0,0.0,0.0,ES,desktop
101158,0,2,0.0,0.0,0.0,FR,mobile
101159,1,3,0.0,0.0,0.0,DE,mobile
101160,1,1,0.0,0.0,0.0,FR,mobile
101161,0,1,1.0,0.0,0.0,FR,mobile
101162,1,1,0.0,0.0,0.0,FR,mobile
101163,1,3,1.0,0.0,0.0,FR,tablet
101164,1,3,0.0,0.0,0.0,UK,mobile
101165,1,1,0.0,0.0,0.0,UK,desktop
101166,1,3,1.0,1.0,28970.29,UK,desktop
101167,1,2,0.0,0.0,0.0,FR,mobile
101168,1,2,1.0,1.0,47020.35,UK,mobile
101169,0,3,1.0,0.0,0.0,ES,mobile
101170,1,2,0.0,0.0,0.0,DE,mobile
101171,0,1,0.0,0.0,0.0,UK,desktop
101172,0,2,0.0,0.0,0.0,UK,mobile
101173,1,1,0.0,0.0,0.0,ES,mobile
101174,1,2,1.0,0.0,0.0,DE,mobile
101175,1,2,1.0,0.0,0.0,DE,tablet
101176,1,2,0.0,0.0,0.0,UK,desktop
101177,0,1,0.0,0.0,0.0,UK,desktop
101178,1,2,0.0,0.0,0.0,UK,desktop
101179,1,2,1.0,0.0,0.0,UK,mobile
101180,0,2,1.0,0.0,0.0,DE,desktop
101181,1,2,1.0,0.0,0.0,DE,mobile
101182,1,1,0.0,0.0,0.0,FR,desktop
101183,0,2,1.0,0.0,0.0,ES,desktop
101184,1,1,0.0,0.0,0.0,FR,mobile
101185,1,3,0.0,0.0,0.0,FR,desktop
101186,1,2,0.0,0.0,0.0,UK,desktop
101187,1,1,0.0,0.0,0.0,ES,mobile
101188,0,2,1.0,0.0,0.0,UK,desktop
101189,1,1,0.0,0.0,0.0,ES,mobile
101190,1,2,0.0,0.0,0.0,DE,mobile
101191,0,3,0.0,0.0,0.0,UK,mobile
101192,0,1,1.0,1.0,34729.52,FR,mobile
101193,0,1,1.0,0.0,0.0,ES,tablet
101194,1,2,0.0,0.0,0.0,FR,desktop
101195,1,2,0.0,0.0,0.0,ES,desktop
101196,1,1,0.0,0.0,0.0,ES,mobile
101197,0,1,0.0,0.0,0.0,UK,desktop
101198,1,2,0.0,0.0,0.0,UK,mobile
101199,0,1,0.0,0.0,0.0,ES,desktop
101200,1,1,0.0,0.0,0.0,DE,mobile
101201,0,1,0.0,0.0,0.0,UK,mobile
101202,1,3,1.0,0.0,0.0,UK,desktop
101203,1,3,0.0,0.0,0.0,FR,mobile
101204,0,1,0.0,0.0,0.0,ES,mobile
101205,0,1,1.0,0.0,0.0,DE,mobile
101206,1,3,0.0,0.0,0.0,DE,mobile
101207,0,1,0.0,0.0,0.0,UK,mobile
101208,1,1,0.0,0.0,0.0,UK,mobile
101209,1,2,0.0,0.0,0.0,ES,mobile
101210,1,3,1.0,1.0,37414.61,UK,mobile
101211,0,1,1.0,0.0,0.0,UK,desktop
101212,0,2,2.0,0.0,0.0,UK,mobile
101213,0,2,1.0,0.0,0.0,DE,tablet
101214,1,2,0.0,0.0,0.0,ES,desktop
101215,0,1,1.0,0.0,0.0,UK,mobile
101216,0,1,1.0,0.0,0.0,FR,desktop
101217,0,2,0.0,0.0,0.0,FR,desktop
101218,0,2,0.0,0.0,0.0,ES,tablet
101219,0,1,0.0,0.0,0.0,UK,mobile
101220,0,1,0.0,0.0,0.0,FR,mobile
101221,0,2,1.0,1.0,21765.19,UK,desktop
101222,1,1,0.0,0.0,0.0,ES,desktop
101223,1,1,0.0,0.0,0.0,FR,desktop
101224,1,1,0.0,0.0,0.0,UK,mobile
101225,1,1,0.0,0.0,0.0,FR,desktop
101226,1,3,0.0,0.0,0.0,DE,tablet
101227,1,2,1.0,0.0,0.0,UK,mobile
101228,1,2,2.0,1.0,41173.51,ES,mobile
101229,0,1,0.0,0.0,0.0,UK,mobile
101230,1,1,0.0,0.0,0.0,FR,desktop
101231,0,1,0.0,0.0,0.0,UK,desktop
101232,0,2,0.0,0.0,0.0,DE,desktop
101233,1,1,0.0,0.0,0.0,UK,mobile
101234,0,3,1.0,0.0,0.0,ES,mobile
101235,1,3,1.0,1.0,32170.54,DE,mobile
101236,1,2,1.0,0.0,0.0,FR,mobile
101237,1,3,1.0,0.0,0.0,DE,desktop
101238,0,1,0.0,0.0,0.0,DE,tablet
101239,0,2,1.0,0.0,0.0,UK,tablet
101240,0,2,0.0,0.0,0.0,UK,tablet
101241,0,3,1.0,0.0,0.0,ES,mobile
101242,0,1,1.0,0.0,0.0,UK,mobile
101243,1,1,0.0,0.0,0.0,DE,desktop
101244,0,3,2.0,0.0,0.0,ES,tablet
101245,1,2,1.0,1.0,57980.79,UK,mobile
101246,1,1,0.0,0.0,0.0,DE,mobile
101247,0,3,2.0,1.0,36605.72,FR,mobile
101248,1,1,0.0,0.0,0.0,FR,mobile
101249,0,1,1.0,0.0,0.0,UK,mobile
101250,0,1,0.0,0.0,0.0,UK,mobile
101251,1,3,0.0,0.0,0.0,DE,mobile
101252,0,2,0.0,0.0,0.0,DE,mobile
101253,0,1,1.0,0.0,0.0,DE,desktop
101254,0,2,0.0,0.0,0.0,FR,mobile
101255,1,3,0.0,0.0,0.0,UK,desktop
101256,1,3,0.0,0.0,0.0,DE,desktop
101257,0,1,0.0,0.0,0.0,UK,desktop
101258,1,2,0.0,0.0,0.0,ES,mobile
101259,0,1,1.0,0.0,0.0,DE,tablet
101260,1,3,0.0,0.0,0.0,DE,mobile
101261,1,1,0.0,0.0,0.0,ES,tablet
101262,0,1,0.0,0.0,0.0,UK,desktop
101263,0,1,0.0,0.0,0.0,DE,mobile
101264,0,1,0.0,0.0,0.0,UK,mobile
101265,1,3,1.0,1.0,35832.58,ES,mobile
101266,1,2,1.0,0.0,0.0,UK,mobile
101267,1,1,1.0,0.0,0.0,DE,mobile
101268,1,2,0.0,0.0,0.0,ES,mobile
101269,0,3,0.0,0.0,0.0,UK,mobile
101270,0,1,1.0,0.0,0.0,UK,mobile
101271,1,2,0.0,0.0,0.0,DE,mobile
101272,1,2,0.0,0.0,0.0,FR,mobile
101273,0,2,1.0,0.0,0.0,UK,mobile
101274,1,2,0.0,0.0,0.0,UK,mobile
101275,0,3,1.0,1.0,45429.11,UK,mobile
101276,1,2,0.0,0.0,0.0,ES,mobile
101277,1,1,1.0,1.0,56273.35,FR,desktop
101278,1,1,0.0,0.0,0.0,UK,mobile
101279,1,1,1.0,0.0,0.0,UK,mobile
101280,0,2,1.0,0.0,0.0,UK,mobile
101281,1,1,0.0,0.0,0.0,UK,desktop
101282,0,3,1.0,0.0,0.0,UK,desktop
101283,1,3,2.0,0.0,0.0,UK,desktop
101284,0,1,0.0,0.0,0.0,UK,desktop
101285,0,1,1.0,0.0,0.0,DE,mobile
101286,1,3,0.0,0.0,0.0,UK,mobile
101287,1,1,1.0,1.0,44194.0,FR,mobile
101288,0,1,0.0,0.0,0.0,FR,tablet
101289,1,1,1.0,1.0,38812.9,FR,desktop
101290,1,1,0.0,0.0,0.0,DE,desktop
101291,1,3,0.0,0.0,0.0,FR,mobile
101292,0,1,1.0,0.0,0.0,ES,desktop
101293,0,1,0.0,0.0,0.0,DE,mobile
101294,0,1,1.0,0.0,0.0,FR,mobile
101295,1,2,0.0,0.0,0.0,DE,mobile
101296,1,1,0.0,0.0,0.0,FR,mobile
101297,1,1,0.0,0.0,0.0,UK,mobile
101298,1,1,0.0,0.0,0.0,UK,desktop
101299,0,1,0.0,0.0,0.0,UK,mobile
101300,0,1,0.0,0.0,0.0,ES,mobile
101301,0,1,0.0,0.0,0.0,DE,mobile
101302,1,1,1.0,0.0,0.0,ES,mobile
101303,0,1,0.0,0.0,0.0,FR,desktop
101304,0,2,1.0,0.0,0.0,FR,desktop
101305,1,1,0.0,0.0,0.0,UK,desktop
101306,0,1,0.0,0.0,0.0,DE,desktop
101307,0,3,0.0,0.0,0.0,FR,desktop
101308,0,1,0.0,0.0,0.0,ES,mobile
101309,0,3,0.0,0.0,0.0,UK,desktop
101310,1,2,1.0,1.0,1000.0,FR,mobile
101311,0,1,0.0,0.0,0.0,DE,mobile
101312,0,2,0.0,0.0,0.0,FR,mobile
101313,0,2,0.0,0.0,0.0,FR,desktop
101314,1,2,1.0,0.0,0.0,DE,desktop
101315,1,2,1.0,0.0,0.0,UK,mobile
101316,0,1,0.0,0.0,0.0,DE,desktop
101317,0,1,1.0,0.0,0.0,FR,desktop
101318,0,1,1.0,0.0,0.0,ES,mobile
101319,1,2,1.0,0.0,0.0,DE,mobile
101320,0,1,0.0,0.0,0.0,UK,desktop
101321,0,2,1.0,0.0,0.0,UK,mobile
101322,0,1,0.0,0.0,0.0,ES,desktop
101323,1,2,0.0,0.0,0.0,FR,mobile
101324,0,1,1.0,0.0,0.0,ES,mobile
101325,1,2,0.0,0.0,0.0,UK,desktop
101326,1,1,0.0,0.0,0.0,FR,desktop
101327,0,1,0.0,0.0,0.0,DE,desktop
101328,1,1,0.0,0.0,0.0,ES,desktop
101329,0,1,0.0,0.0,0.0,UK,desktop
101330,1,1,0.0,0.0,0.0,DE,desktop
101331,1,2,0.0,0.0,0.0,FR,mobile
101332,0,1,1.0,1.0,51233.57,UK,mobile
101333,0,2,0.0,0.0,0.0,DE,mobile
101334,1,1,0.0,0.0,0.0,DE,desktop
101335,1,1,0.0,0.0,0.0,ES,mobile
101336,1,1,0.0,0.0,0.0,FR,mobile
101337,1,1,0.0,0.0,0.0,UK,mobile
101338,1,2,0.0,0.0,0.0,UK,desktop
101339,0,1,1.0,0.0,0.0,UK,desktop
101340,1,2,1.0,1.0,5165.07,UK,mobile
101341,0,1,0.0,0.0,0.0,DE,desktop
101342,0,2,0.0,0.0,0.0,UK,mobile
101343,1,2,1.0,0.0,0.0,ES,mobile
101344,0,1,0.0,0.0,0.0,ES,desktop
101345,1,1,0.0,0.0,0.0,FR,mobile
101346,1,1,0.0,0.0,0.0,ES,tablet
101347,1,1,1.0,0.0,0.0,DE,mobile
101348,0,2,0.0,0.0,0.0,FR,mobile
101349,0,2,0.0,0.0,0.0,UK,desktop
101350,1,1,0.0,0.0,0.0,FR,mobile
101351,0,1,0.0,0.0,0.0,FR,tablet
101352,1,1,0.0,0.0,0.0,ES,tablet
101353,1,1,1.0,0.0,0.0,FR,mobile
101354,1,2,1.0,0.0,0.0,ES,mobile
101355,1,1,0.0,0.0,0.0,DE,mobile
101356,1,1,1.0,0.0,0.0,UK,mobile
101357,1,1,0.0,0.0,0.0,ES,mobile
101358,1,1,0.0,0.0,0.0,FR,mobile
101359,1,1,0.0,0.0,0.0,UK,mobile
101360,1,1,0.0,0.0,0.0,DE,mobile
101361,0,2,0.0,0.0,0.0,UK,tablet
101362,0,1,0.0,0.0,0.0,FR,desktop
101363,0,2,0.0,0.0,0.0,FR,desktop
101364,0,2,0.0,0.0,0.0,UK,mobile
101365,0,2,0.0,0.0,0.0,ES,desktop
101366,1,3,1.0,1.0,21513.68,FR,mobile
101367,0,1,0.0,0.0,0.0,UK,desktop
101368,0,2,1.0,1.0,21410.09,FR,tablet
101369,1,1,0.0,0.0,0.0,ES,mobile
101370,0,2,0.0,0.0,0.0,UK,desktop
101371,0,3,1.0,0.0,0.0,UK,desktop
101372,1,3,2.0,0.0,0.0,UK,desktop
101373,1,1,0.0,0.0,0.0,UK,desktop
101374,0,2,0.0,0.0,0.0,DE,mobile
101375,0,2,0.0,0.0,0.0,DE,mobile
101376,1,1,1.0,0.0,0.0,UK,mobile
101377,1,2,2.0,0.0,0.0,DE,desktop
101378,1,1,0.0,0.0,0.0,UK,mobile
101379,0,1,0.0,0.0,0.0,ES,desktop
101380,0,1,0.0,0.0,0.0,ES,mobile
101381,0,3,1.0,1.0,35167.18,UK,mobile
101382,0,2,0.0,0.0,0.0,ES,mobile
101383,1,2,0.0,0.0,0.0,DE,desktop
101384,1,3,0.0,0.0,0.0,UK,mobile
101385,1,1,0.0,0.0,0.0,UK,mobile
101386,1,1,0.0,0.0,0.0,FR,mobile
101387,0,1,0.0,0.0,0.0,DE,mobile
101388,1,2,0.0,0.0,0.0,ES,mobile
101389,0,2,1.0,0.0,0.0,DE,desktop
101390,0,1,1.0,0.0,0.0,ES,mobile
101391,0,1,0.0,0.0,0.0,FR,mobile
101392,1,2,0.0,0.0,0.0,DE,desktop
101393,1,2,0.0,0.0,0.0,DE,tablet
101394,0,2,1.0,1.0,26519.1,UK,mobile
101395,1,2,1.0,0.0,0.0,FR,mobile
101396,0,3,1.0,0.0,0.0,DE,desktop
101397,1,3,1.0,0.0,0.0,UK,tablet
101398,0,1,0.0,0.0,0.0,DE,desktop
101399,0,3,0.0,0.0,0.0,UK,mobile
101400,1,1,0.0,0.0,0.0,FR,mobile
101401,0,1,0.0,0.0,0.0,DE,desktop
101402,0,3,0.0,0.0,0.0,UK,mobile
101403,0,2,0.0,0.0,0.0,UK,mobile
101404,0,1,0.0,0.0,0.0,UK,desktop
101405,0,1,0.0,0.0,0.0,ES,desktop
101406,0,2,0.0,0.0,0.0,UK,mobile
101407,1,3,1.0,0.0,0.0,ES,desktop
101408,1,2,1.0,0.0,0.0,UK,mobile
101409,0,3,0.0,0.0,0.0,ES,mobile
101410,0,3,0.0,0.0,0.0,ES,desktop
101411,0,2,1.0,0.0,0.0,FR,mobile
101412,0,1,0.0,0.0,0.0,FR,mobile
101413,1,2,1.0,0.0,0.0,FR,tablet
101414,0,1,0.0,0.0,0.0,FR,mobile
101415,1,3,0.0,0.0,0.0,UK,mobile
101416,1,1,0.0,0.0,0.0,UK,tablet
101417,0,2,1.0,0.0,0.0,UK,desktop
101418,0,3,0.0,0.0,0.0,UK,desktop
101419,0,2,0.0,0.0,0.0,UK,desktop
101420,1,2,1.0,1.0,42544.7,FR,mobile
101421,1,1,1.0,1.0,35988.75,ES,desktop
101422,1,1,0.0,0.0,0.0,UK,mobile
101423,1,1,0.0,0.0,0.0,FR,desktop
101424,1,2,0.0,0.0,0.0,UK,mobile
101425,0,2,1.0,0.0,0.0,DE,desktop
101426,0,2,1.0,0.0,0.0,ES,mobile
101427,1,3,1.0,0.0,0.0,ES,mobile
101428,1,2,0.0,0.0,0.0,ES,desktop
101429,0,2,0.0,0.0,0.0,UK,desktop
101430,1,2,1.0,0.0,0.0,DE,desktop
101431,1,2,0.0,0.0,0.0,DE,mobile
101432,0,1,0.0,0.0,0.0,UK,mobile
101433,1,3,0.0,0.0,0.0,ES,desktop
101434,0,1,0.0,0.0,0.0,UK,desktop
101435,1,1,0.0,0.0,0.0,DE,desktop
101436,0,2,0.0,0.0,0.0,UK,tablet
101437,1,1,0.0,0.0,0.0,UK,desktop
101438,0,2,0.0,0.0,0.0,DE,mobile
101439,0,1,0.0,0.0,0.0,FR,desktop
101440,0,1,1.0,0.0,0.0,UK,tablet
101441,0,1,0.0,0.0,0.0,UK,mobile
101442,1,1,0.0,0.0,0.0,DE,desktop
101443,0,1,0.0,0.0,0.0,UK,desktop
101444,0,1,0.0,0.0,0.0,UK,mobile
101445,0,1,0.0,0.0,0.0,ES,mobile
101446,1,1,0.0,0.0,0.0,DE,mobile
101447,0,2,0.0,0.0,0.0,UK,tablet
101448,1,2,0.0,0.0,0.0,DE,desktop
101449,1,1,0.0,0.0,0.0,DE,mobile
101450,0,2,0.0,0.0,0.0,ES,tablet
101451,0,1,0.0,0.0,0.0,FR,mobile
101452,0,2,0.0,0.0,0.0,UK,mobile
101453,1,2,0.0,0.0,0.0,UK,desktop
101454,0,2,0.0,0.0,0.0,UK,desktop
101455,0,1,0.0,0.0,0.0,FR,mobile
101456,0,2,1.0,1.0,29440.5,UK,mobile
101457,0,2,0.0,0.0,0.0,FR,mobile
101458,1,3,0.0,0.0,0.0,UK,mobile
101459,0,1,0.0,0.0,0.0,UK,mobile
101460,0,1,0.0,0.0,0.0,ES,mobile
101461,1,1,0.0,0.0,0.0,FR,mobile
101462,1,3,0.0,0.0,0.0,UK,mobile
101463,0,1,1.0,1.0,33283.13,DE,mobile
101464,1,2,0.0,0.0,0.0,UK,mobile
101465,0,2,1.0,1.0,36077.91,DE,desktop
101466,0,1,0.0,0.0,0.0,DE,desktop
101467,0,3,0.0,0.0,0.0,UK,mobile
101468,0,2,0.0,0.0,0.0,DE,mobile
101469,1,2,2.0,0.0,0.0,FR,mobile
101470,0,1,1.0,0.0,0.0,FR,mobile
101471,1,3,1.0,0.0,0.0,UK,mobile
101472,1,1,0.0,0.0,0.0,UK,mobile
101473,1,1,1.0,1.0,14393.99,ES,mobile
101474,1,2,0.0,0.0,0.0,UK,desktop
101475,0,2,0.0,0.0,0.0,FR,mobile
101476,0,1,0.0,0.0,0.0,FR,mobile
101477,1,3,1.0,1.0,29514.29,FR,desktop
101478,1,1,0.0,0.0,0.0,UK,mobile
101479,1,2,0.0,0.0,0.0,UK,mobile
101480,0,3,0.0,0.0,0.0,DE,mobile
101481,0,1,0.0,0.0,0.0,UK,mobile
101482,1,2,0.0,0.0,0.0,UK,desktop
101483,1,2,0.0,0.0,0.0,UK,mobile
101484,0,3,0.0,0.0,0.0,UK,mobile
101485,0,1,0.0,0.0,0.0,ES,mobile
101486,0,2,0.0,0.0,0.0,UK,mobile
101487,1,2,0.0,0.0,0.0,UK,desktop
101488,1,2,2.0,0.0,0.0,UK,desktop
101489,0,2,0.0,0.0,0.0,DE,mobile
101490,1,1,0.0,0.0,0.0,FR,mobile
101491,1,3,1.0,1.0,41129.07,UK,mobile
101492,0,3,1.0,0.0,0.0,DE,desktop
101493,1,1,0.0,0.0,0.0,FR,mobile
101494,0,2,1.0,0.0,0.0,ES,mobile
101495,0,1,0.0,0.0,0.0,DE,mobile
101496,0,3,1.0,0.0,0.0,UK,mobile
101497,0,1,0.0,0.0,0.0,UK,mobile
101498,0,1,0.0,0.0,0.0,UK,mobile
101499,0,2,0.0,0.0,0.0,UK,mobile
101500,0,1,0.0,0.0,0.0,ES,mobile
101501,1,3,1.0,0.0,0.0,UK,mobile
101502,1,2,1.0,1.0,31855.17,UK,desktop
101503,0,3,1.0,0.0,0.0,DE,mobile
101504,1,3,0.0,0.0,0.0,FR,mobile
101505,0,3,1.0,1.0,52230.6,UK,desktop
101506,1,2,0.0,0.0,0.0,UK,mobile
101507,1,2,1.0,0.0,0.0,UK,desktop
101508,0,1,0.0,0.0,0.0,DE,desktop
101509,0,1,0.0,0.0,0.0,UK,mobile
101510,1,1,1.0,1.0,9693.64,UK,desktop
101511,0,2,0.0,0.0,0.0,FR,mobile
101512,1,2,0.0,0.0,0.0,UK,mobile
101513,1,1,1.0,1.0,24463.67,FR,mobile
101514,0,2,1.0,0.0,0.0,FR,mobile
101515,1,2,1.0,0.0,0.0,UK,desktop
101516,1,1,0.0,0.0,0.0,ES,desktop
101517,1,3,1.0,0.0,0.0,FR,desktop
101518,1,1,0.0,0.0,0.0,UK,tablet
101519,1,2,1.0,0.0,0.0,FR,desktop
101520,1,2,0.0,0.0,0.0,DE,mobile
101521,1,1,1.0,1.0,19088.75,DE,mobile
101522,0,2,2.0,0.0,0.0,UK,mobile
101523,0,2,1.0,0.0,0.0,ES,mobile
101524,1,1,0.0,0.0,0.0,UK,desktop
101525,0,2,1.0,0.0,0.0,UK,mobile
101526,1,1,0.0,0.0,0.0,UK,mobile
101527,1,3,1.0,1.0,25324.52,UK,mobile
101528,1,2,1.0,0.0,0.0,DE,mobile
101529,0,2,1.0,0.0,0.0,UK,mobile
101530,0,2,0.0,0.0,0.0,UK,mobile
101531,0,2,0.0,0.0,0.0,ES,mobile
101532,0,2,1.0,1.0,41573.01,UK,mobile
101533,1,2,0.0,0.0,0.0,UK,desktop
101534,0,1,0.0,0.0,0.0,UK,mobile
101535,0,3,0.0,0.0,0.0,UK,mobile
101536,1,2,0.0,0.0,0.0,UK,mobile
101537,1,1,0.0,0.0,0.0,DE,mobile
101538,0,2,0.0,0.0,0.0,UK,mobile
101539,1,1,1.0,1.0,31637.94,UK,mobile
101540,0,1,0.0,0.0,0.0,DE,mobile
101541,1,1,1.0,0.0,0.0,DE,mobile
101542,0,2,1.0,0.0,0.0,UK,mobile
101543,1,3,1.0,0.0,0.0,FR,mobile
101544,0,1,0.0,0.0,0.0,UK,desktop
101545,0,1,0.0,0.0,0.0,FR,mobile
101546,1,3,0.0,0.0,0.0,FR,tablet
101547,1,1,1.0,0.0,0.0,UK,mobile
101548,0,3,0.0,0.0,0.0,ES,mobile
101549,0,1,0.0,0.0,0.0,UK,desktop
101550,0,3,0.0,0.0,0.0,DE,desktop
101551,0,1,0.0,0.0,0.0,UK,mobile
101552,1,1,0.0,0.0,0.0,DE,mobile
101553,1,3,1.0,1.0,36137.61,FR,mobile
101554,0,2,2.0,0.0,0.0,DE,mobile
101555,0,1,0.0,0.0,0.0,UK,mobile
101556,0,1,0.0,0.0,0.0,FR,mobile
101557,0,1,0.0,0.0,0.0,FR,mobile
101558,0,1,1.0,0.0,0.0,DE,mobile
101559,0,2,1.0,0.0,0.0,FR,desktop
101560,1,2,0.0,0.0,0.0,FR,desktop
101561,0,1,0.0,0.0,0.0,UK,tablet
101562,1,1,0.0,0.0,0.0,UK,mobile
101563,1,2,0.0,0.0,0.0,FR,desktop
101564,1,3,0.0,0.0,0.0,UK,desktop
101565,1,1,0.0,0.0,0.0,ES,mobile
101566,0,2,0.0,0.0,0.0,DE,mobile
101567,1,2,0.0,0.0,0.0,ES,tablet
101568,1,2,1.0,0.0,0.0,UK,mobile
101569,0,2,0.0,0.0,0.0,ES,mobile
101570,0,3,0.0,0.0,0.0,DE,mobile
101571,0,1,0.0,0.0,0.0,DE,mobile
101572,0,2,0.0,0.0,0.0,FR,desktop
101573,1,2,1.0,1.0,29872.9,UK,mobile
101574,0,1,1.0,0.0,0.0,DE,mobile
101575,1,2,0.0,0.0,0.0,FR,mobile
101576,0,2,0.0,0.0,0.0,UK,mobile
101577,1,1,0.0,0.0,0.0,UK,mobile
101578,0,2,1.0,1.0,30061.72,ES,mobile
101579,1,2,0.0,0.0,0.0,ES,desktop
101580,1,1,0.0,0.0,0.0,ES,mobile
101581,1,1,0.0,0.0,0.0,FR,mobile
101582,1,3,0.0,0.0,0.0,UK,desktop
101583,0,3,0.0,0.0,0.0,UK,mobile
101584,1,1,1.0,0.0,0.0,UK,desktop
101585,0,2,0.0,0.0,0.0,UK,desktop
101586,0,2,0.0,0.0,0.0,UK,desktop
101587,0,3,0.0,0.0,0.0,UK,mobile
101588,1,2,0.0,0.0,0.0,UK,mobile
101589,0,3,1.0,0.0,0.0,ES,mobile
101590,0,2,0.0,0.0,0.0,UK,mobile
101591,1,2,1.0,0.0,0.0,ES,desktop
101592,0,2,0.0,0.0,0.0,FR,desktop
101593,0,2,1.0,0.0,0.0,UK,desktop
101594,0,1,0.0,0.0,0.0,UK,tablet
101595,0,1,1.0,0.0,0.0,UK,desktop
101596,0,2,0.0,0.0,0.0,UK,mobile
101597,0,1,0.0,0.0,0.0,DE,mobile
101598,1,1,0.0,0.0,0.0,UK,desktop
101599,1,1,0.0,0.0,0.0,UK,mobile
101600,1,1,0.0,0.0,0.0,UK,mobile
101601,0,1,0.0,0.0,0.0,ES,mobile
101602,0,2,0.0,0.0,0.0,DE,desktop
101603,1,1,0.0,0.0,0.0,DE,mobile
101604,0,1,0.0,0.0,0.0,UK,desktop
101605,1,1,0.0,0.0,0.0,DE,desktop
101606,1,1,0.0,0.0,0.0,DE,mobile
101607,1,1,0.0,0.0,0.0,FR,mobile
101608,1,1,0.0,0.0,0.0,ES,mobile
101609,0,1,1.0,0.0,0.0,UK,desktop
101610,0,2,0.0,0.0,0.0,ES,desktop
101611,0,1,0.0,0.0,0.0,ES,desktop
101612,0,1,1.0,0.0,0.0,UK,mobile
101613,0,1,0.0,0.0,0.0,FR,mobile
101614,1,1,0.0,0.0,0.0,ES,mobile
101615,1,2,1.0,0.0,0.0,UK,desktop
101616,1,3,0.0,0.0,0.0,FR,mobile
101617,0,1,0.0,0.0,0.0,ES,mobile
101618,0,3,0.0,0.0,0.0,FR,mobile
101619,0,2,0.0,0.0,0.0,UK,mobile
101620,1,2,1.0,0.0,0.0,FR,mobile
101621,0,1,1.0,1.0,20892.88,UK,mobile
101622,0,2,0.0,0.0,0.0,FR,mobile
101623,0,2,2.0,0.0,0.0,UK,mobile
101624,1,3,0.0,0.0,0.0,FR,desktop
101625,1,1,0.0,0.0,0.0,FR,desktop
101626,0,2,0.0,0.0,0.0,DE,mobile
101627,0,2,1.0,0.0,0.0,FR,desktop
101628,0,2,1.0,0.0,0.0,FR,mobile
101629,0,2,0.0,0.0,0.0,DE,mobile
101630,0,3,1.0,0.0,0.0,UK,desktop
101631,1,1,0.0,0.0,0.0,FR,desktop
101632,1,1,0.0,0.0,0.0,UK,desktop
101633,0,2,0.0,0.0,0.0,ES,mobile
101634,0,1,0.0,0.0,0.0,UK,mobile
101635,0,2,0.0,0.0,0.0,UK,desktop
101636,1,1,0.0,0.0,0.0,DE,mobile
101637,1,1,0.0,0.0,0.0,FR,mobile
101638,0,1,1.0,0.0,0.0,UK,desktop
101639,1,2,0.0,0.0,0.0,FR,desktop
101640,0,1,0.0,0.0,0.0,FR,desktop
101641,1,1,0.0,0.0,0.0,DE,mobile
101642,1,1,0.0,0.0,0.0,UK,desktop
101643,1,1,0.0,0.0,0.0,FR,mobile
101644,1,2,0.0,0.0,0.0,FR,mobile
101645,0,1,0.0,0.0,0.0,DE,desktop
101646,0,1,0.0,0.0,0.0,FR,mobile
101647,0,1,0.0,0.0,0.0,FR,mobile
101648,1,2,0.0,0.0,0.0,UK,desktop
101649,0,3,1.0,1.0,41649.41,UK,mobile
101650,0,3,1.0,0.0,0.0,UK,mobile
101651,0,1,0.0,0.0,0.0,UK,mobile
101652,0,1,0.0,0.0,0.0,UK,mobile
101653,0,2,1.0,0.0,0.0,FR,mobile
101654,1,3,0.0,0.0,0.0,UK,desktop
101655,1,1,0.0,0.0,0.0,ES,desktop
101656,1,2,0.0,0.0,0.0,UK,mobile
101657,0,1,0.0,0.0,0.0,DE,desktop
101658,1,1,0.0,0.0,0.0,FR,mobile
101659,1,1,0.0,0.0,0.0,UK,mobile
101660,1,2,0.0,0.0,0.0,UK,desktop
101661,0,1,0.0,0.0,0.0,FR,mobile
101662,0,1,1.0,0.0,0.0,UK,tablet
101663,0,1,0.0,0.0,0.0,ES,mobile
101664,1,1,0.0,0.0,0.0,FR,desktop
101665,0,2,0.0,0.0,0.0,ES,mobile
101666,0,1,0.0,0.0,0.0,UK,mobile
101667,1,3,1.0,0.0,0.0,DE,mobile
101668,0,1,1.0,0.0,0.0,FR,desktop
101669,1,2,0.0,0.0,0.0,DE,mobile
101670,1,1,0.0,0.0,0.0,UK,tablet
101671,1,1,0.0,0.0,0.0,DE,mobile
101672,1,3,0.0,0.0,0.0,FR,mobile
101673,1,1,0.0,0.0,0.0,DE,mobile
101674,1,2,1.0,0.0,0.0,UK,mobile
101675,1,3,0.0,0.0,0.0,ES,desktop
101676,0,1,0.0,0.0,0.0,UK,mobile
101677,0,1,1.0,0.0,0.0,DE,desktop
101678,0,1,0.0,0.0,0.0,ES,mobile
101679,0,1,0.0,0.0,0.0,DE,mobile
101680,0,3,0.0,0.0,0.0,FR,desktop
101681,1,2,1.0,0.0,0.0,UK,mobile
101682,1,1,0.0,0.0,0.0,ES,mobile
101683,1,2,1.0,0.0,0.0,UK,tablet
101684,1,2,1.0,0.0,0.0,FR,desktop
101685,0,2,0.0,0.0,0.0,DE,mobile
101686,0,1,0.0,0.0,0.0,DE,mobile
101687,0,2,0.0,0.0,0.0,UK,mobile
101688,1,1,0.0,0.0,0.0,DE,mobile
101689,0,1,0.0,0.0,0.0,DE,desktop
101690,0,1,0.0,0.0,0.0,UK,desktop
101691,0,2,1.0,1.0,23853.01,ES,mobile
101692,0,1,0.0,0.0,0.0,UK,mobile
101693,0,2,0.0,0.0,0.0,UK,mobile
101694,0,1,0.0,0.0,0.0,UK,mobile
101695,1,1,0.0,0.0,0.0,UK,mobile
101696,1,3,1.0,1.0,20577.2,ES,mobile
101697,0,1,0.0,0.0,0.0,UK,mobile
101698,0,1,0.0,0.0,0.0,UK,mobile
101699,0,1,0.0,0.0,0.0,UK,mobile
101700,0,2,1.0,1.0,15477.6,FR,mobile
101701,0,1,0.0,0.0,0.0,FR,mobile
101702,0,2,0.0,0.0,0.0,UK,mobile
101703,1,1,1.0,0.0,0.0,UK,mobile
101704,1,1,0.0,0.0,0.0,ES,mobile
101705,0,2,1.0,1.0,14411.57,UK,mobile
101706,0,2,0.0,0.0,0.0,FR,desktop
101707,0,2,0.0,0.0,0.0,UK,desktop
101708,1,2,0.0,0.0,0.0,DE,desktop
101709,1,1,0.0,0.0,0.0,UK,mobile
101710,1,2,0.0,0.0,0.0,FR,desktop
101711,0,1,0.0,0.0,0.0,UK,desktop
101712,0,2,1.0,0.0,0.0,ES,mobile
101713,0,1,0.0,0.0,0.0,UK,mobile
101714,0,3,2.0,0.0,0.0,DE,desktop
101715,0,2,0.0,0.0,0.0,UK,mobile
101716,1,2,1.0,1.0,22468.79,UK,mobile
101717,0,1,0.0,0.0,0.0,DE,desktop
101718,0,3,0.0,0.0,0.0,UK,desktop
101719,0,1,0.0,0.0,0.0,ES,mobile
101720,0,3,1.0,1.0,34947.45,ES,mobile
101721,1,1,0.0,0.0,0.0,ES,mobile
101722,0,1,1.0,0.0,0.0,UK,desktop
101723,0,1,0.0,0.0,0.0,DE,mobile
101724,1,1,0.0,0.0,0.0,UK,mobile
101725,0,3,0.0,0.0,0.0,ES,desktop
101726,0,2,0.0,0.0,0.0,FR,mobile
101727,1,1,0.0,0.0,0.0,DE,desktop
101728,1,3,0.0,0.0,0.0,FR,mobile
101729,1,2,1.0,1.0,29710.84,FR,mobile
101730,1,2,1.0,0.0,0.0,UK,desktop
101731,0,2,0.0,0.0,0.0,DE,mobile
101732,1,1,0.0,0.0,0.0,UK,mobile
101733,1,1,0.0,0.0,0.0,FR,mobile
101734,0,3,0.0,0.0,0.0,DE,desktop
101735,0,3,0.0,0.0,0.0,FR,tablet
101736,0,2,0.0,0.0,0.0,UK,tablet
101737,0,1,0.0,0.0,0.0,FR,mobile
101738,0,2,1.0,0.0,0.0,UK,mobile
101739,0,2,0.0,0.0,0.0,FR,mobile
101740,0,2,0.0,0.0,0.0,UK,desktop
101741,0,2,1.0,0.0,0.0,UK,mobile
101742,0,2,0.0,0.0,0.0,UK,tablet
101743,1,1,0.0,0.0,0.0,DE,mobile
101744,1,2,1.0,1.0,44206.1,UK,tablet
101745,1,2,0.0,0.0,0.0,UK,desktop
101746,0,1,0.0,0.0,0.0,ES,desktop
101747,0,1,0.0,0.0,0.0,UK,mobile
101748,0,2,1.0,0.0,0.0,FR,mobile
101749,1,3,0.0,0.0,0.0,DE,mobile
101750,0,2,0.0,0.0,0.0,ES,mobile
101751,0,3,1.0,0.0,0.0,DE,mobile
101752,0,2,1.0,0.0,0.0,DE,mobile
101753,1,1,0.0,0.0,0.0,DE,mobile
101754,1,2,0.0,0.0,0.0,UK,desktop
101755,0,1,0.0,0.0,0.0,DE,desktop
101756,1,1,0.0,0.0,0.0,UK,mobile
101757,1,1,0.0,0.0,0.0,ES,tablet
101758,1,2,0.0,0.0,0.0,UK,mobile
101759,1,2,0.0,0.0,0.0,FR,mobile
101760,0,1,1.0,0.0,0.0,UK,mobile
101761,0,1,0.0,0.0,0.0,DE,desktop
101762,0,3,0.0,0.0,0.0,UK,mobile
101763,1,1,1.0,0.0,0.0,ES,mobile
101764,0,1,0.0,0.0,0.0,DE,desktop
101765,1,2,1.0,0.0,0.0,UK,mobile
101766,0,2,1.0,0.0,0.0,DE,desktop
101767,0,3,1.0,0.0,0.0,DE,tablet
101768,0,2,0.0,0.0,0.0,FR,tablet
101769,0,2,1.0,0.0,0.0,UK,mobile
101770,1,1,1.0,0.0,0.0,UK,mobile
101771,1,1,0.0,0.0,0.0,UK,mobile
101772,1,1,0.0,0.0,0.0,UK,mobile
101773,1,1,0.0,0.0,0.0,ES,mobile
101774,0,2,0.0,0.0,0.0,UK,mobile
101775,0,1,0.0,0.0,0.0,DE,tablet
101776,1,2,0.0,0.0,0.0,UK,desktop
101777,0,1,0.0,0.0,0.0,FR,mobile
101778,0,2,1.0,0.0,0.0,DE,mobile
101779,1,2,1.0,0.0,0.0,ES,mobile
101780,0,2,0.0,0.0,0.0,UK,mobile
101781,1,3,0.0,0.0,0.0,FR,desktop
101782,0,1,0.0,0.0,0.0,UK,desktop
101783,1,2,0.0,0.0,0.0,UK,desktop
101784,0,1,1.0,0.0,0.0,UK,desktop
101785,0,1,0.0,0.0,0.0,FR,mobile
101786,1,1,1.0,0.0,0.0,UK,desktop
101787,1,3,2.0,0.0,0.0,DE,mobile
101788,1,3,0.0,0.0,0.0,UK,mobile
101789,1,2,0.0,0.0,0.0,FR,mobile
101790,1,2,2.0,1.0,33723.85,UK,mobile
101791,1,2,0.0,0.0,0.0,DE,mobile
101792,0,2,0.0,0.0,0.0,ES,mobile
101793,0,1,0.0,0.0,0.0,FR,tablet
101794,0,1,0.0,0.0,0.0,DE,mobile
101795,0,1,0.0,0.0,0.0,UK,mobile
101796,1,2,1.0,0.0,0.0,FR,mobile
101797,1,2,0.0,0.0,0.0,UK,desktop
101798,0,2,0.0,0.0,0.0,UK,mobile
101799,1,2,0.0,0.0,0.0,DE,tablet
101800,0,2,0.0,0.0,0.0,ES,desktop
101801,0,2,0.0,0.0,0.0,UK,mobile
101802,0,1,0.0,0.0,0.0,FR,desktop
101803,0,1,0.0,0.0,0.0,FR,mobile
101804,1,2,0.0,0.0,0.0,UK,mobile
101805,1,2,0.0,0.0,0.0,UK,desktop
101806,1,1,0.0,0.0,0.0,UK,mobile
101807,1,1,0.0,0.0,0.0,UK,mobile
101808,0,1,0.0,0.0,0.0,UK,mobile
101809,1,2,1.0,0.0,0.0,UK,mobile
101810,1,2,0.0,0.0,0.0,UK,tablet
101811,1,1,0.0,0.0,0.0,DE,mobile
101812,1,1,0.0,0.0,0.0,FR,desktop
101813,0,2,0.0,0.0,0.0,ES,mobile
101814,0,1,0.0,0.0,0.0,UK,desktop
101815,0,3,1.0,1.0,36677.26,DE,mobile
101816,1,1,0.0,0.0,0.0,ES,mobile
101817,1,3,0.0,0.0,0.0,DE,desktop
101818,1,2,0.0,0.0,0.0,UK,mobile
101819,1,1,0.0,0.0,0.0,DE,mobile
101820,0,2,1.0,0.0,0.0,UK,mobile
101821,0,3,1.0,0.0,0.0,UK,desktop
101822,0,1,0.0,0.0,0.0,FR,mobile
101823,1,2,0.0,0.0,0.0,FR,tablet
101824,1,2,1.0,0.0,0.0,UK,mobile
101825,0,1,1.0,0.0,0.0,ES,mobile
101826,1,3,0.0,0.0,0.0,DE,desktop
101827,0,2,1.0,1.0,27810.96,FR,desktop
101828,1,1,0.0,0.0,0.0,ES,desktop
101829,1,2,1.0,0.0,0.0,UK,tablet
101830,1,2,0.0,0.0,0.0,ES,mobile
101831,1,1,0.0,0.0,0.0,FR,mobile
101832,0,3,0.0,0.0,0.0,UK,mobile
101833,0,2,1.0,0.0,0.0,DE,desktop
101834,1,1,1.0,1.0,24570.56,DE,desktop
101835,1,1,0.0,0.0,0.0,DE,mobile
101836,1,1,0.0,0.0,0.0,ES,mobile
101837,0,1,0.0,0.0,0.0,DE,mobile
101838,0,1,0.0,0.0,0.0,FR,desktop
101839,1,2,0.0,0.0,0.0,ES,mobile
101840,0,3,2.0,1.0,17687.58,DE,mobile
101841,1,1,1.0,0.0,0.0,UK,mobile
101842,0,1,0.0,0.0,0.0,ES,desktop
101843,0,3,0.0,0.0,0.0,UK,desktop
101844,0,2,0.0,0.0,0.0,DE,mobile
101845,1,2,1.0,0.0,0.0,ES,mobile
101846,0,2,0.0,0.0,0.0,DE,mobile
101847,0,1,1.0,0.0,0.0,DE,desktop
101848,0,2,0.0,0.0,0.0,DE,tablet
101849,1,2,0.0,0.0,0.0,FR,mobile
101850,0,2,0.0,0.0,0.0,ES,mobile
101851,1,2,0.0,0.0,0.0,UK,mobile
101852,1,1,0.0,0.0,0.0,UK,mobile
101853,0,1,0.0,0.0,0.0,UK,desktop
101854,0,2,0.0,0.0,0.0,FR,mobile
101855,1,2,0.0,0.0,0.0,FR,mobile
101856,0,2,0.0,0.0,0.0,DE,mobile
101857,1,2,1.0,0.0,0.0,UK,mobile
101858,1,1,0.0,0.0,0.0,FR,mobile
101859,1,2,1.0,0.0,0.0,UK,mobile
101860,0,1,0.0,0.0,0.0,UK,mobile
101861,1,2,1.0,0.0,0.0,FR,desktop
101862,1,2,0.0,0.0,0.0,UK,mobile
101863,0,2,0.0,0.0,0.0,UK,mobile
101864,1,1,0.0,0.0,0.0,UK,tablet
101865,0,2,0.0,0.0,0.0,UK,desktop
101866,1,1,0.0,0.0,0.0,FR,desktop
101867,1,1,0.0,0.0,0.0,UK,mobile
101868,1,1,0.0,0.0,0.0,DE,mobile
101869,0,2,2.0,0.0,0.0,DE,mobile
101870,0,1,0.0,0.0,0.0,FR,mobile
101871,1,2,0.0,0.0,0.0,ES,mobile
101872,1,2,0.0,0.0,0.0,FR,tablet
101873,1,2,1.0,0.0,0.0,FR,mobile
101874,1,1,1.0,0.0,0.0,ES,mobile
101875,1,1,1.0,1.0,28518.36,UK,mobile
101876,0,1,0.0,0.0,0.0,ES,mobile
101877,0,2,0.0,0.0,0.0,UK,mobile
101878,0,2,0.0,0.0,0.0,UK,mobile
101879,1,3,1.0,0.0,0.0,UK,desktop
101880,0,2,1.0,1.0,28553.96,DE,tablet
101881,0,1,0.0,0.0,0.0,FR,mobile
101882,1,2,1.0,0.0,0.0,DE,mobile
101883,1,2,0.0,0.0,0.0,UK,desktop
101884,0,1,1.0,1.0,48638.68,UK,desktop
101885,0,1,1.0,0.0,0.0,UK,mobile
101886,0,2,0.0,0.0,0.0,UK,tablet
101887,1,1,0.0,0.0,0.0,ES,mobile
101888,0,2,0.0,0.0,0.0,UK,tablet
101889,0,1,0.0,0.0,0.0,DE,mobile
101890,1,3,0.0,0.0,0.0,DE,mobile
101891,1,2,1.0,0.0,0.0,UK,desktop
101892,1,2,1.0,0.0,0.0,FR,mobile
101893,1,1,0.0,0.0,0.0,UK,mobile
101894,1,2,0.0,0.0,0.0,UK,mobile
101895,1,1,1.0,1.0,33907.65,UK,tablet
101896,1,1,0.0,0.0,0.0,FR,desktop
101897,1,1,0.0,0.0,0.0,UK,desktop
101898,0,3,1.0,0.0,0.0,FR,mobile
101899,0,2,0.0,0.0,0.0,FR,desktop
101900,0,2,0.0,0.0,0.0,UK,mobile
101901,1,1,0.0,0.0,0.0,DE,mobile
101902,1,1,0.0,0.0,0.0,DE,desktop
101903,1,1,1.0,0.0,0.0,UK,mobile
101904,1,1,0.0,0.0,0.0,UK,mobile
101905,0,3,0.0,0.0,0.0,DE,mobile
101906,1,1,0.0,0.0,0.0,UK,mobile
101907,0,2,0.0,0.0,0.0,DE,desktop
101908,0,2,1.0,0.0,0.0,UK,mobile
101909,1,1,0.0,0.0,0.0,UK,desktop
101910,0,1,0.0,0.0,0.0,UK,mobile
101911,0,2,0.0,0.0,0.0,UK,mobile
101912,1,3,2.0,0.0,0.0,FR,mobile
101913,1,3,0.0,0.0,0.0,UK,desktop
101914,0,1,0.0,0.0,0.0,DE,desktop
101915,1,3,0.0,0.0,0.0,ES,tablet
101916,0,2,0.0,0.0,0.0,FR,desktop
101917,1,1,0.0,0.0,0.0,DE,mobile
101918,1,1,0.0,0.0,0.0,UK,mobile
101919,1,2,1.0,0.0,0.0,UK,tablet
101920,1,1,0.0,0.0,0.0,DE,desktop
101921,0,2,0.0,0.0,0.0,UK,mobile
101922,0,1,0.0,0.0,0.0,FR,mobile
101923,0,1,0.0,0.0,0.0,UK,desktop
101924,0,2,1.0,0.0,0.0,FR,desktop
101925,0,2,0.0,0.0,0.0,ES,mobile
101926,0,3,0.0,0.0,0.0,ES,desktop
101927,1,1,0.0,0.0,0.0,DE,tablet
101928,0,2,1.0,0.0,0.0,DE,mobile
101929,1,2,2.0,0.0,0.0,FR,desktop
101930,0,1,1.0,1.0,38533.51,FR,mobile
101931,0,3,1.0,0.0,0.0,UK,mobile
101932,1,1,1.0,0.0,0.0,UK,mobile
101933,1,2,0.0,0.0,0.0,FR,mobile
101934,1,2,0.0,0.0,0.0,ES,desktop
101935,1,2,1.0,0.0,0.0,UK,mobile
101936,1,1,0.0,0.0,0.0,FR,mobile
101937,0,1,1.0,0.0,0.0,FR,mobile
101938,0,1,0.0,0.0,0.0,FR,mobile
101939,1,2,0.0,0.0,0.0,DE,mobile
101940,1,2,1.0,0.0,0.0,UK,desktop
101941,1,3,2.0,0.0,0.0,FR,mobile
101942,0,2,0.0,0.0,0.0,DE,desktop
101943,0,1,0.0,0.0,0.0,FR,desktop
101944,0,1,0.0,0.0,0.0,UK,mobile
101945,1,2,0.0,0.0,0.0,DE,desktop
101946,1,1,1.0,0.0,0.0,DE,mobile
101947,1,3,0.0,0.0,0.0,UK,mobile
101948,1,1,0.0,0.0,0.0,DE,mobile
101949,1,1,0.0,0.0,0.0,DE,mobile
101950,0,3,0.0,0.0,0.0,FR,mobile
101951,1,1,0.0,0.0,0.0,ES,desktop
101952,0,1,0.0,0.0,0.0,DE,mobile
101953,0,1,0.0,0.0,0.0,DE,desktop
101954,0,2,1.0,0.0,0.0,DE,mobile
101955,1,2,0.0,0.0,0.0,UK,desktop
101956,0,1,0.0,0.0,0.0,UK,mobile
101957,1,1,0.0,0.0,0.0,FR,mobile
101958,1,2,0.0,0.0,0.0,UK,mobile
101959,1,1,0.0,0.0,0.0,UK,mobile
101960,1,1,1.0,0.0,0.0,ES,mobile
101961,1,2,0.0,0.0,0.0,DE,desktop
101962,1,2,0.0,0.0,0.0,FR,mobile
101963,1,2,1.0,0.0,0.0,ES,desktop
101964,0,2,0.0,0.0,0.0,DE,desktop
101965,0,2,0.0,0.0,0.0,UK,desktop
101966,1,2,1.0,0.0,0.0,UK,mobile
101967,1,1,0.0,0.0,0.0,FR,mobile
101968,0,1,0.0,0.0,0.0,DE,tablet
101969,1,1,0.0,0.0,0.0,UK,desktop
101970,0,1,1.0,1.0,23050.51,DE,mobile
101971,0,2,0.0,0.0,0.0,UK,mobile
101972,1,1,0.0,0.0,0.0,DE,mobile
101973,0,1,0.0,0.0,0.0,DE,mobile
101974,0,3,0.0,0.0,0.0,DE,desktop
101975,1,1,0.0,0.0,0.0,ES,mobile
101976,0,2,1.0,0.0,0.0,DE,mobile
101977,0,2,0.0,0.0,0.0,ES,mobile
101978,1,1,0.0,0.0,0.0,ES,mobile
101979,0,1,0.0,0.0,0.0,DE,desktop
101980,0,1,0.0,0.0,0.0,DE,desktop
101981,1,3,2.0,0.0,0.0,UK,mobile
101982,1,3,0.0,0.0,0.0,FR,desktop
101983,0,1,0.0,0.0,0.0,FR,mobile
101984,1,1,1.0,0.0,0.0,UK,mobile
101985,0,2,0.0,0.0,0.0,UK,mobile
101986,0,1,1.0,0.0,0.0,ES,mobile
101987,1,2,1.0,1.0,29745.22,ES,mobile
101988,1,3,1.0,0.0,0.0,DE,mobile
101989,1,2,1.0,0.0,0.0,UK,desktop
101990,1,1,0.0,0.0,0.0,UK,mobile
101991,0,2,1.0,0.0,0.0,UK,desktop
101992,1,1,0.0,0.0,0.0,UK,mobile
101993,1,1,0.0,0.0,0.0,UK,tablet
101994,0,2,0.0,0.0,0.0,UK,desktop
101995,0,1,0.0,0.0,0.0,ES,mobile
101996,1,3,0.0,0.0,0.0,DE,desktop
101997,0,1,0.0,0.0,0.0,UK,mobile
101998,1,1,1.0,0.0,0.0,UK,desktop
101999,1,1,1.0,0.0,0.0,FR,mobile
102000,1,1,0.0,0.0,0.0,UK,desktop
