035420,semiconductor,224263.05,81,2026-01-21
035420,biotech,198194.79,340,2026-03-24
005930,internet,69555.27,779,2026-04-12
000660,biotech,50739.83,965,2026-01-01
068270,biotech,548518.61,757,2026-01-17
035420,internet,429867.92,485,2026-04-16
035420,biotech,136076.11,967,2026-03-12
035420,semiconductor,94127.89,828,2026-03-21
005930,internet,62601.71,610,2026-04-14
000660,biotech,339383.08,574,2026-02-20
068270,internet,699100.34,437,2026-01-08
035420,internet,913854.38,941,2026-02-08
068270,biotech,453898.08,575,2026-02-04
000660,semiconductor,971105.4,739,2026-04-02
000660,biotech,930325.92,872,2026-04-15
068270,biotech,236183.72,711,2026-04-21
068270,semiconductor,307781.58,62,2026-04-26
005930,semiconductor,183878.01,24,2026-01-01
005930,internet,452231.41,138,2026-04-08
068270,internet,824688.36,602,2026-04-03
035420,semiconductor,625661.98,499,2026-03-26
005930,internet,857536.65,789,2026-02-01
068270,internet,345433.21,737,2026-01-03
068270,biotech,892852.11,970,2026-03-05
035420,biotech,856468.13,14,2026-02-23
035420,biotech,519105.82,402,2026-03-15
000660,biotech,467369.68,700,2026-03-07
005930,semiconductor,533142.16,743,2026-01-23
035420,semiconductor,562849.04,550,2026-04-13
068270,internet,325263.88,95,2026-04-02
000660,semiconductor,330852.0,655,2026-04-28
068270,biotech,889116.25,649,2026-02-23
068270,semiconductor,352103.3,234,2026-01-25
035420,biotech,50494.36,982,2026-01-03
035420,biotech,535209.94,658,2026-02-05
005930,internet,305941.72,673,2026-03-27
000660,semiconductor,433644.36,839,2026-01-26
068270,biotech,711489.06,396,2026-01-05
005930,semiconductor,303441.96,11,2026-02-28
000660,internet,314714.14,234,2026-01-19
000660,biotech,554387.85,739,2026-04-06
068270,internet,688528.77,212,2026-04-27
005930,internet,812982.77,846,2026-04-02
000660,biotech,558985.95,761,2026-04-01
005930,internet,227192.58,358,2026-03-20
068270,internet,259229.0,355,2026-03-19
068270,internet,215648.11,938,2026-04-07
000660,semiconductor,691905.61,962,2026-01-18
035420,internet,883472.39,620,2026-03-28
068270,biotech,983059.93,581,2026-01-02
005930,biotech,902354.97,46,2026-04-27
035420,semiconductor,314927.78,668,2026-04-16
035420,biotech,790881.77,929,2026-04-11
005930,biotech,685538.84,263,2026-03-16
000660,semiconductor,680326.68,870,2026-02-14
000660,biotech,707300.44,729,2026-01-09
068270,semiconductor,67171.6,407,2026-01-16
068270,internet,734892.93,649,2026-01-16
068270,internet,399330.01,384,2026-02-14
000660,biotech,979948.22,572,2026-02-08
035420,internet,805070.74,807,2026-01-28
035420,semiconductor,235480.84,838,2026-04-19
068270,internet,780126.31,521,2026-01-12
068270,biotech,956232.15,382,2026-02-03
068270,semiconductor,955418.25,358,2026-01-14
005930,internet,965438.98,125,2026-03-21
068270,internet,305051.11,332,2026-04-18
005930,biotech,939347.04,579,2026-03-08
000660,biotech,634256.87,863,2026-03-02
035420,internet,330526.06,995,2026-01-08
005930,semiconductor,717359.88,185,2026-03-10
035420,biotech,819607.72,930,2026-04-13
068270,biotech,54925.62,45,2026-01-20
005930,biotech,806003.04,981,2026-03-23
035420,biotech,139282.84,736,2026-03-22
035420,semiconductor,197289.54,199,2026-01-22
000660,biotech,78975.24,701,2026-02-06
035420,biotech,560228.31,622,2026-01-08
005930,semiconductor,484401.9,783,2026-01-20
000660,internet,714536.6,945,2026-04-16
005930,biotech,540485.33,679,2026-03-17
068270,internet,461844.7,67,2026-03-26
005930,biotech,964515.99,800,2026-03-09
068270,semiconductor,105283.92,643,2026-01-15
000660,biotech,139179.63,610,2026-04-13
005930,semiconductor,957122.02,713,2026-03-05
000660,semiconductor,448620.06,85,2026-02-16
035420,semiconductor,164156.42,294,2026-02-28
005930,internet,88692.36,759,2026-02-20
005930,biotech,775196.2,350,2026-03-04
005930,biotech,462159.07,32,2026-02-10
000660,semiconductor,892346.37,189,2026-03-10
000660,internet,527979.45,778,2026-04-05
005930,internet,947039.02,997,2026-04-27
068270,biotech,594698.69,554,2026-01-19
035420,semiconductor,644642.69,586,2026-01-08
000660,internet,236001.58,406,2026-04-14
000660,semiconductor,139720.81,44,2026-03-17
000660,semiconductor,852631.55,611,2026-02-02
035420,semiconductor,521235.58,835,2026-01-18
005930,internet,883598.41,429,2026-01-21
005930,semiconductor,570573.29,878,2026-01-24
068270,internet,990979.88,557,2026-02-17
035420,internet,934219.46,46,2026-04-17
035420,semiconductor,752913.32,876,2026-01-17
005930,biotech,521733.13,738,2026-02-13
035420,internet,419741.59,405,2026-01-09
035420,semiconductor,353347.96,727,2026-03-20
035420,biotech,650245.35,894,2026-01-03
068270,semiconductor,576017.9,478,2026-04-21
035420,semiconductor,157791.37,702,2026-02-26
035420,biotech,572052.44,142,2026-03-23
005930,internet,720539.91,760,2026-04-09
000660,biotech,637307.16,262,2026-02-07
000660,semiconductor,261447.6,402,2026-02-27
000660,biotech,127281.34,174,2026-02-19
068270,semiconductor,402110.04,509,2026-01-07
005930,semiconductor,765709.28,79,2026-04-19
005930,biotech,719830.15,723,2026-02-19
035420,biotech,517993.85,662,2026-02-28
000660,biotech,753925.17,465,2026-01-09
035420,semiconductor,696987.46,357,2026-02-25
035420,semiconductor,128746.76,938,2026-02-21
000660,biotech,61546.75,681,2026-01-15
005930,biotech,928411.16,773,2026-01-04
035420,internet,970837.41,411,2026-03-09
005930,biotech,329769.25,522,2026-01-22
000660,internet,906100.11,962,2026-03-12
000660,biotech,482873.92,677,2026-01-08
000660,biotech,418854.96,325,2026-02-28
068270,semiconductor,975675.07,713,2026-03-22
035420,semiconductor,315775.33,733,2026-01-28
068270,semiconductor,176525.87,556,2026-01-06
000660,internet,739433.53,824,2026-01-02
000660,biotech,872760.7,886,2026-01-23
068270,semiconductor,788722.17,155,2026-04-15
005930,internet,614424.18,72,2026-01-22
035420,internet,590627.4,938,2026-02-09
035420,internet,309736.72,832,2026-02-28
005930,semiconductor,999731.79,879,2026-03-21
035420,semiconductor,739814.8,723,2026-02-19
005930,semiconductor,478016.93,887,2026-01-19
005930,semiconductor,246866.27,458,2026-01-08
068270,biotech,390254.58,81,2026-03-26
000660,biotech,502400.16,780,2026-03-18
068270,semiconductor,574311.5,398,2026-02-27
005930,semiconductor,177314.47,312,2026-03-15
005930,semiconductor,657393.29,84,2026-03-07
000660,biotech,383058.18,107,2026-02-15
035420,internet,908950.76,317,2026-01-06
005930,internet,426715.64,768,2026-02-19
005930,semiconductor,806648.19,147,2026-04-17
000660,semiconductor,295332.17,993,2026-01-02
000660,semiconductor,380042.74,135,2026-03-11
068270,internet,122070.16,770,2026-03-23
068270,internet,430285.46,921,2026-04-04
068270,semiconductor,901948.99,204,2026-03-18
005930,biotech,262656.61,798,2026-01-18
068270,biotech,218159.96,414,2026-02-01
005930,semiconductor,388191.91,55,2026-02-17
000660,biotech,705875.09,82,2026-02-25
035420,semiconductor,703395.48,65,2026-02-11
035420,semiconductor,52465.27,813,2026-01-08
005930,internet,225294.97,728,2026-03-24
000660,biotech,637342.03,992,2026-02-24
000660,semiconductor,109224.29,708,2026-04-19
035420,internet,900446.5,759,2026-03-15
068270,semiconductor,873854.23,815,2026-03-19
035420,semiconductor,750534.95,37,2026-02-07
005930,semiconductor,250875.61,483,2026-02-12
005930,semiconductor,375780.52,34,2026-04-10
035420,semiconductor,523520.09,120,2026-04-15
000660,biotech,579855.15,945,2026-01-12
035420,biotech,319587.11,527,2026-04-26
068270,biotech,282135.5,324,2026-01-06
005930,semiconductor,275365.45,671,2026-01-06
000660,internet,513419.31,359,2026-03-24
035420,semiconductor,126222.06,252,2026-03-08
005930,internet,901779.75,477,2026-04-11
068270,internet,826218.47,890,2026-02-24
000660,internet,829818.4,203,2026-03-11
068270,biotech,315980.14,309,2026-01-06
000660,biotech,725404.85,733,2026-01-20
005930,internet,721868.59,663,2026-04-06
005930,biotech,196644.58,877,2026-01-11
035420,semiconductor,400768.96,19,2026-01-23
000660,biotech,356236.15,651,2026-04-01
035420,semiconductor,52575.35,786,2026-03-15
068270,biotech,441248.87,615,2026-03-17
005930,biotech,758675.8,955,2026-02-21
068270,internet,941423.43,597,2026-03-03
005930,biotech,95689.91,358,2026-04-11
005930,semiconductor,241545.95,807,2026-03-21
005930,semiconductor,273907.16,87,2026-02-04
005930,semiconductor,608891.34,411,2026-04-08
035420,biotech,904684.07,646,2026-02-01
035420,internet,527584.37,674,2026-01-01
035420,internet,555264.61,830,2026-04-08
035420,internet,161053.14,655,2026-03-07
035420,biotech,182308.47,24,2026-03-01
068270,biotech,899197.95,429,2026-01-06
005930,semiconductor,721631.44,420,2026-03-01
000660,biotech,728360.88,526,2026-03-10
005930,biotech,830194.44,168,2026-03-04
005930,internet,807430.6,270,2026-01-15
068270,semiconductor,734034.71,104,2026-03-19
068270,biotech,289209.11,78,2026-04-11
000660,biotech,375398.04,143,2026-04-23
035420,biotech,949919.17,405,2026-02-13
068270,biotech,145754.87,632,2026-04-28
035420,semiconductor,926374.41,849,2026-03-10
005930,internet,626379.29,60,2026-01-14
068270,semiconductor,929290.09,416,2026-01-14
005930,semiconductor,207244.48,429,2026-02-23
005930,semiconductor,876401.54,576,2026-03-08
035420,semiconductor,410340.41,318,2026-01-10
068270,semiconductor,54400.42,946,2026-03-20
005930,biotech,923862.84,395,2026-03-18
035420,biotech,922531.99,649,2026-03-27
068270,internet,183814.17,673,2026-01-07
068270,biotech,82185.2,170,2026-01-11
000660,biotech,62439.73,478,2026-01-07
005930,semiconductor,191229.59,639,2026-02-28
035420,semiconductor,225239.73,336,2026-01-13
000660,internet,455449.46,961,2026-03-17
005930,semiconductor,498463.6,433,2026-03-18
005930,biotech,728356.24,203,2026-02-28
005930,biotech,522161.35,956,2026-03-04
005930,semiconductor,121728.2,652,2026-04-10
000660,internet,661799.57,389,2026-01-23
035420,biotech,873644.07,17,2026-01-25
035420,internet,269521.06,452,2026-03-08
000660,semiconductor,809920.28,588,2026-03-01
068270,internet,734772.44,812,2026-04-24
000660,biotech,838708.87,461,2026-04-05
000660,semiconductor,436072.69,832,2026-04-18
035420,biotech,131233.1,160,2026-01-19
068270,semiconductor,882621.87,294,2026-04-18
000660,semiconductor,826571.38,925,2026-03-10
035420,biotech,394906.25,128,2026-04-20
005930,semiconductor,438941.07,743,2026-01-02
005930,internet,951030.64,863,2026-04-24
005930,biotech,587487.79,68,2026-02-23
068270,semiconductor,510539.45,218,2026-02-09
068270,biotech,651804.31,368,2026-01-22
000660,internet,450618.74,675,2026-02-13
000660,internet,699024.66,847,2026-02-21
000660,semiconductor,310352.46,26,2026-01-25
000660,biotech,734192.45,638,2026-02-22
005930,internet,905017.71,655,2026-03-08
000660,semiconductor,681784.84,464,2026-02-13
005930,biotech,434162.43,711,2026-02-14
068270,biotech,207969.2,372,2026-01-19
005930,internet,283081.65,158,2026-03-08
035420,semiconductor,735456.22,753,2026-03-22
000660,internet,680487.61,767,2026-02-05
068270,semiconductor,306415.66,760,2026-04-19
035420,internet,854087.46,516,2026-01-11
000660,semiconductor,782366.59,510,2026-01-09
068270,semiconductor,442153.87,70,2026-03-08
000660,semiconductor,284081.93,140,2026-02-05
068270,internet,308537.88,875,2026-04-19
005930,internet,921447.9,966,2026-01-10
005930,internet,545235.63,21,2026-02-16
068270,internet,745613.64,670,2026-01-23
005930,biotech,655370.0,209,2026-01-18
005930,internet,708516.45,498,2026-01-26
035420,biotech,608850.57,410,2026-03-26
005930,biotech,919713.88,791,2026-03-21
035420,semiconductor,232969.08,849,2026-02-27
035420,semiconductor,500503.51,999,2026-04-07
035420,biotech,546312.85,624,2026-01-14
035420,internet,582643.33,822,2026-02-03
005930,internet,372881.22,192,2026-03-12
035420,internet,813778.13,525,2026-01-22
005930,semiconductor,644596.81,25,2026-01-10
068270,biotech,446630.78,748,2026-02-02
000660,internet,880966.59,150,2026-02-03
035420,internet,59011.16,38,2026-02-17
005930,biotech,505881.84,706,2026-04-24
068270,internet,428373.01,935,2026-01-07
068270,semiconductor,745658.22,698,2026-03-13
000660,biotech,860180.73,155,2026-02-05
005930,semiconductor,914822.15,984,2026-01-15
005930,semiconductor,695664.92,149,2026-03-26
005930,semiconductor,296033.52,389,2026-02-07
068270,internet,947495.42,20,2026-02-13
000660,semiconductor,756185.18,781,2026-03-08
068270,semiconductor,667164.32,894,2026-03-13
000660,biotech,94598.09,834,2026-02-09
005930,biotech,790605.25,783,2026-01-05
000660,internet,255507.82,530,2026-03-20
000660,semiconductor,215200.49,499,2026-03-18
000660,biotech,996518.99,12,2026-04-03
000660,semiconductor,262626.73,98,2026-01-04
000660,semiconductor,136912.5,626,2026-04-03
035420,semiconductor,894310.68,930,2026-02-12
000660,semiconductor,362598.8,546,2026-01-11
035420,biotech,438030.55,984,2026-02-08
035420,semiconductor,96344.4,923,2026-02-05
068270,semiconductor,899755.93,982,2026-01-18
068270,semiconductor,506557.25,358,2026-03-26
035420,biotech,566589.96,982,2026-01-01
000660,internet,874752.76,101,2026-01-27
035420,semiconductor,367308.43,566,2026-01-21
000660,internet,714041.2,709,2026-03-05
035420,semiconductor,878251.35,40,2026-03-10
000660,internet,267193.9,560,2026-03-18
068270,biotech,840527.47,998,2026-04-07
000660,semiconductor,636080.57,122,2026-01-17
068270,internet,407860.59,457,2026-04-13
035420,biotech,319175.8,464,2026-02-09
068270,biotech,374778.56,581,2026-03-05
005930,biotech,940367.06,873,2026-04-18
068270,internet,208058.71,533,2026-02-17
000660,biotech,378588.9,483,2026-04-27
000660,biotech,990640.95,696,2026-01-12
068270,internet,173581.93,390,2026-04-07
005930,internet,830437.3,888,2026-03-19
035420,biotech,50978.01,491,2026-02-02
005930,semiconductor,147083.94,498,2026-03-15
035420,semiconductor,708998.11,893,2026-04-02
035420,biotech,268551.0,468,2026-03-03
005930,biotech,193505.0,613,2026-01-21
035420,semiconductor,656599.65,783,2026-03-25
005930,internet,346354.39,579,2026-04-06
035420,biotech,252449.47,841,2026-01-25
068270,biotech,871140.34,217,2026-03-08
068270,biotech,243516.19,614,2026-01-08
035420,internet,852544.07,208,2026-03-12
005930,biotech,635817.8,567,2026-03-25
000660,biotech,618410.9,903,2026-04-20
068270,semiconductor,240498.49,965,2026-03-22
000660,semiconductor,305543.73,353,2026-04-11
068270,semiconductor,192101.61,798,2026-02-18
000660,internet,620019.52,553,2026-03-13
005930,semiconductor,955016.21,434,2026-04-11
000660,internet,149683.67,410,2026-04-25
000660,internet,523943.75,95,2026-04-20
005930,biotech,787014.5,251,2026-04-01
000660,semiconductor,133473.17,982,2026-02-01
005930,biotech,427077.11,203,2026-02-07
000660,biotech,708534.24,152,2026-02-10
035420,semiconductor,953972.48,326,2026-03-27
000660,semiconductor,939401.63,368,2026-03-09
000660,biotech,644039.43,93,2026-02-15
035420,internet,126109.1,93,2026-04-04
000660,biotech,794640.93,904,2026-03-09
068270,biotech,466676.86,987,2026-02-12
035420,semiconductor,505314.98,252,2026-02-19
035420,biotech,370051.0,913,2026-01-23
005930,internet,91478.57,821,2026-02-06
000660,internet,267032.0,361,2026-04-09
035420,internet,127450.17,764,2026-03-22
035420,internet,294798.74,341,2026-01-21
035420,biotech,755571.2,413,2026-01-04
068270,biotech,988267.09,161,2026-02-17
035420,semiconductor,466684.65,126,2026-02-04
000660,internet,905666.77,783,2026-03-10
035420,internet,319661.8,646,2026-04-03
005930,biotech,649982.21,920,2026-01-03
000660,biotech,220698.95,949,2026-02-14
000660,internet,442379.62,943,2026-01-09
000660,biotech,877212.41,632,2026-02-24
035420,semiconductor,679490.22,752,2026-02-17
035420,semiconductor,970941.71,75,2026-03-05
005930,internet,608992.0,469,2026-04-04
005930,internet,481100.06,404,2026-02-03
000660,biotech,364344.89,614,2026-02-12
000660,semiconductor,459343.15,285,2026-04-11
068270,semiconductor,289901.39,895,2026-04-28
005930,internet,749581.91,213,2026-01-17
005930,internet,874857.72,629,2026-03-20
000660,biotech,104232.51,520,2026-01-20
000660,semiconductor,658002.82,44,2026-02-05
005930,internet,350348.3,700,2026-02-12
000660,semiconductor,505902.23,260,2026-03-02
005930,biotech,974442.86,48,2026-03-24
035420,internet,514404.25,437,2026-02-20
035420,biotech,342533.44,345,2026-02-10
068270,internet,204262.8,350,2026-01-23
068270,semiconductor,471562.71,526,2026-03-22
035420,biotech,678550.73,128,2026-02-11
000660,biotech,522316.03,154,2026-02-08
035420,semiconductor,78867.71,849,2026-01-14
068270,semiconductor,620579.07,296,2026-04-14
005930,semiconductor,598325.97,967,2026-04-02
000660,biotech,352205.98,170,2026-01-25
068270,semiconductor,793266.21,598,2026-03-09
035420,biotech,433933.31,503,2026-04-06
035420,biotech,906306.87,406,2026-01-23
035420,semiconductor,826942.51,353,2026-02-22
035420,semiconductor,361962.17,74,2026-04-26
035420,internet,710693.85,837,2026-01-25
005930,semiconductor,568402.54,300,2026-04-06
000660,internet,623276.16,631,2026-02-10
000660,biotech,525423.04,94,2026-02-08
068270,biotech,505222.78,638,2026-01-26
005930,semiconductor,428881.64,302,2026-03-12
068270,internet,424647.06,352,2026-02-14
000660,internet,545172.43,30,2026-03-11
035420,internet,117716.26,408,2026-01-04
035420,internet,107254.02,798,2026-01-22
035420,biotech,208015.03,973,2026-04-21
068270,biotech,341925.47,760,2026-04-03
068270,biotech,629817.09,667,2026-02-17
005930,biotech,165791.79,468,2026-03-12
000660,internet,548905.21,592,2026-03-24
005930,biotech,225967.02,961,2026-04-20
068270,biotech,815692.92,394,2026-04-24
005930,biotech,156689.13,150,2026-03-22
000660,semiconductor,889996.14,914,2026-02-09
035420,biotech,216034.77,642,2026-01-10
068270,semiconductor,275027.03,302,2026-04-18
068270,internet,858615.55,176,2026-02-25
000660,internet,642666.36,448,2026-02-05
035420,semiconductor,750030.06,235,2026-01-23
005930,semiconductor,219523.67,814,2026-03-03
068270,internet,569362.54,659,2026-01-14
005930,semiconductor,105531.88,930,2026-02-03
035420,semiconductor,692049.18,563,2026-02-07
005930,semiconductor,65030.04,289,2026-04-14
035420,biotech,370365.78,297,2026-03-13
000660,semiconductor,899481.33,908,2026-01-08
005930,internet,376382.45,717,2026-01-17
068270,biotech,686122.49,437,2026-03-21
068270,biotech,613171.39,76,2026-02-12
005930,biotech,366351.82,847,2026-02-23
068270,biotech,394797.06,812,2026-02-23
000660,biotech,584181.98,557,2026-01-13
005930,internet,767095.93,320,2026-04-10
000660,biotech,477852.39,921,2026-04-17
068270,internet,930818.93,246,2026-03-28
035420,biotech,992859.33,881,2026-04-12
005930,semiconductor,687980.52,93,2026-02-22
000660,internet,871451.88,793,2026-04-06
068270,biotech,109953.58,813,2026-01-23
000660,semiconductor,392129.59,350,2026-02-27
005930,semiconductor,534238.03,844,2026-04-23
000660,biotech,539895.46,428,2026-02-11
035420,biotech,588246.59,253,2026-02-12
035420,semiconductor,160548.08,603,2026-01-03
000660,biotech,874653.86,143,2026-03-16
035420,biotech,126873.32,414,2026-03-02
035420,biotech,262433.71,215,2026-04-18
068270,biotech,831356.54,802,2026-01-22
005930,internet,512708.82,119,2026-04-22
000660,semiconductor,351654.88,492,2026-01-06
005930,semiconductor,399157.7,401,2026-01-02
068270,semiconductor,270923.79,182,2026-04-12
068270,semiconductor,939626.72,541,2026-02-28
035420,biotech,50315.88,52,2026-02-02
068270,internet,194423.61,526,2026-03-02
000660,semiconductor,105255.61,788,2026-02-24
035420,semiconductor,458820.32,914,2026-03-21
005930,biotech,302118.04,272,2026-04-16
068270,semiconductor,533951.02,624,2026-04-17
005930,internet,259762.5,230,2026-04-04
068270,biotech,454779.21,72,2026-01-20
035420,biotech,671372.01,492,2026-03-27
068270,biotech,836161.0,750,2026-01-22
005930,biotech,286151.24,583,2026-03-21
000660,biotech,296822.55,659,2026-03-26
068270,internet,638000.78,22,2026-01-26
000660,semiconductor,977080.07,347,2026-01-13
068270,semiconductor,154249.39,709,2026-03-21
068270,internet,191775.89,519,2026-04-02
068270,biotech,502217.22,754,2026-01-20
005930,biotech,422774.04,563,2026-01-17
005930,semiconductor,675757.54,434,2026-01-02
068270,semiconductor,315399.33,251,2026-02-28
068270,semiconductor,833875.59,768,2026-02-08
035420,biotech,654836.2,88,2026-01-28
035420,semiconductor,192660.55,425,2026-04-01
035420,semiconductor,95439.28,209,2026-01-23
035420,semiconductor,118480.12,417,2026-03-24
005930,semiconductor,533150.32,241,2026-02-14
068270,internet,972212.46,220,2026-03-19
068270,internet,215403.87,270,2026-01-22
068270,biotech,69897.71,377,2026-04-17
035420,semiconductor,977191.31,472,2026-02-03
005930,biotech,297677.63,626,2026-01-25
000660,internet,89853.66,379,2026-02-21
068270,internet,980971.81,383,2026-01-21
068270,internet,544729.73,297,2026-04-02
035420,biotech,371354.13,945,2026-02-23
005930,semiconductor,407193.25,855,2026-04-26
005930,biotech,945922.05,423,2026-04-21
068270,internet,892578.66,897,2026-01-03
000660,biotech,868301.5,506,2026-04-09
035420,biotech,654267.23,670,2026-02-08
000660,biotech,787625.07,245,2026-04-11
068270,biotech,765527.97,354,2026-02-28
005930,semiconductor,206574.07,550,2026-01-15
068270,internet,966873.26,472,2026-03-23
068270,semiconductor,442745.63,430,2026-01-01
068270,internet,332671.03,28,2026-03-07
068270,internet,883281.52,238,2026-03-08
000660,biotech,58865.04,138,2026-04-05
035420,semiconductor,314006.99,492,2026-04-10
000660,internet,345382.48,414,2026-04-14
035420,internet,228623.5,946,2026-04-13
005930,biotech,855645.4,323,2026-02-12
005930,biotech,242356.53,427,2026-01-25
068270,internet,768451.42,744,2026-03-06
068270,internet,996517.62,141,2026-03-04
068270,biotech,891885.99,236,2026-02-05
000660,semiconductor,51785.89,880,2026-01-10
000660,biotech,387718.36,66,2026-01-20
005930,internet,880549.35,230,2026-02-03
068270,semiconductor,600984.6,64,2026-04-04
068270,biotech,512267.78,679,2026-02-19
035420,internet,523342.9,887,2026-03-22
068270,semiconductor,758628.95,323,2026-02-21
035420,internet,468189.05,749,2026-02-23
005930,internet,274064.72,840,2026-04-17
035420,internet,778259.1,834,2026-04-22
005930,semiconductor,450185.65,269,2026-04-16
035420,internet,701615.71,568,2026-02-28
035420,internet,593278.66,409,2026-01-25
068270,semiconductor,980664.38,780,2026-01-11
005930,biotech,840112.19,719,2026-01-27
005930,internet,943645.28,435,2026-03-14
000660,internet,408068.46,841,2026-01-20
005930,semiconductor,485277.54,270,2026-04-06
000660,biotech,741542.34,940,2026-01-24
005930,biotech,104416.24,695,2026-04-12
068270,semiconductor,763806.33,673,2026-01-04
005930,biotech,318608.41,627,2026-02-22
068270,internet,284629.86,229,2026-02-24
000660,biotech,457442.53,738,2026-01-06
068270,semiconductor,513192.63,705,2026-03-20
000660,biotech,583893.21,542,2026-04-18
005930,internet,379976.16,648,2026-03-18
068270,internet,965224.71,664,2026-04-07
005930,biotech,836474.96,897,2026-04-14
005930,semiconductor,982232.24,91,2026-01-03
035420,biotech,231631.17,314,2026-03-19
005930,semiconductor,628100.91,454,2026-01-01
000660,semiconductor,264051.08,499,2026-01-07
000660,internet,567850.25,673,2026-01-02
068270,biotech,565418.51,432,2026-02-17
005930,biotech,127639.08,207,2026-02-01
000660,semiconductor,183911.65,31,2026-04-25
000660,biotech,489180.78,889,2026-03-07
000660,internet,536877.52,965,2026-03-10
035420,internet,796964.29,969,2026-04-07
005930,biotech,363704.31,887,2026-04-22
035420,semiconductor,676647.9,637,2026-04-14
035420,semiconductor,478677.38,67,2026-04-26
005930,internet,574887.93,769,2026-02-03
068270,semiconductor,421191.95,236,2026-02-07
068270,internet,830998.0,187,2026-03-19
005930,internet,235828.81,277,2026-02-08
068270,semiconductor,598713.7,606,2026-04-23
005930,internet,236048.77,247,2026-04-18
000660,biotech,803598.28,784,2026-04-03
005930,internet,902327.02,884,2026-04-06
005930,semiconductor,81714.42,529,2026-01-28
068270,internet,347503.9,999,2026-02-14
000660,internet,888295.55,533,2026-03-14
035420,semiconductor,446872.93,896,2026-01-21
000660,semiconductor,356860.64,933,2026-02-26
035420,internet,204121.74,804,2026-01-25
035420,semiconductor,77895.95,925,2026-02-26
000660,biotech,744921.67,710,2026-04-09
068270,biotech,563754.07,220,2026-04-12
005930,internet,906231.21,373,2026-04-09
005930,biotech,828292.35,597,2026-04-26
068270,semiconductor,157296.05,227,2026-02-01
005930,internet,184873.39,50,2026-03-15
000660,biotech,633088.55,288,2026-04-22
005930,semiconductor,815886.09,871,2026-03-27
035420,semiconductor,169951.5,281,2026-02-02
035420,internet,216137.37,210,2026-04-28
005930,internet,315312.28,200,2026-03-04
000660,semiconductor,254753.38,152,2026-03-21
035420,semiconductor,338749.08,311,2026-04-14
068270,semiconductor,777761.54,876,2026-04-13
035420,biotech,668230.12,655,2026-03-27
035420,internet,155440.0,897,2026-02-06
000660,semiconductor,569315.81,556,2026-03-14
035420,semiconductor,89923.44,865,2026-02-26
000660,internet,171081.26,92,2026-02-19
035420,biotech,714349.61,293,2026-04-13
035420,biotech,740337.44,772,2026-04-23
005930,internet,879116.15,407,2026-04-06
005930,semiconductor,114923.89,474,2026-02-09
068270,semiconductor,495329.57,98,2026-02-11
005930,internet,265033.92,343,2026-02-09
068270,internet,907750.25,785,2026-02-09
005930,biotech,373385.55,641,2026-03-23
068270,semiconductor,846244.57,441,2026-02-12
035420,internet,995665.64,571,2026-01-21
005930,semiconductor,619029.58,938,2026-01-09
005930,semiconductor,685740.25,986,2026-02-24
068270,semiconductor,73884.86,352,2026-03-08
068270,biotech,462866.16,568,2026-03-09
035420,biotech,206583.44,415,2026-04-21
035420,biotech,612112.3,678,2026-03-04
035420,internet,175108.77,781,2026-02-12
005930,internet,669613.05,203,2026-04-02
035420,internet,984648.3,593,2026-03-06
000660,biotech,291672.0,922,2026-01-12
000660,biotech,912011.16,476,2026-04-10
005930,semiconductor,364779.66,762,2026-03-08
000660,internet,475094.73,861,2026-04-17
005930,semiconductor,55230.51,311,2026-01-08
035420,semiconductor,371917.62,350,2026-01-17
068270,biotech,426957.0,831,2026-02-09
005930,semiconductor,320334.19,538,2026-04-21
035420,internet,532041.34,50,2026-03-13
068270,internet,92610.89,916,2026-01-14
005930,semiconductor,420378.74,28,2026-04-08
068270,semiconductor,728331.01,277,2026-01-16
005930,semiconductor,732507.77,997,2026-02-05
068270,semiconductor,654581.3,352,2026-02-13
035420,internet,88530.8,861,2026-02-18
000660,biotech,810337.14,429,2026-02-05
035420,internet,448000.4,93,2026-01-01
068270,biotech,355027.04,50,2026-03-02
035420,semiconductor,694736.46,459,2026-03-11
005930,biotech,527045.93,572,2026-02-09
005930,internet,880013.66,93,2026-02-27
005930,biotech,553491.95,396,2026-04-08
000660,semiconductor,710138.25,277,2026-03-11
005930,internet,598339.89,995,2026-01-21
000660,semiconductor,255248.8,930,2026-03-24
005930,biotech,853324.14,447,2026-03-18
068270,internet,123733.91,82,2026-01-06
000660,biotech,474098.54,875,2026-04-03
035420,internet,771383.47,32,2026-04-11
068270,biotech,401549.72,127,2026-04-28
005930,internet,536097.32,677,2026-01-07
068270,semiconductor,895592.18,202,2026-03-20
035420,semiconductor,541377.41,923,2026-04-03
035420,internet,118126.29,135,2026-03-17
005930,biotech,854782.52,401,2026-02-16
068270,biotech,481301.54,397,2026-01-13
000660,semiconductor,267062.41,353,2026-03-03
035420,semiconductor,414996.38,164,2026-02-22
035420,internet,202023.69,827,2026-02-27
005930,internet,513458.64,947,2026-01-26
005930,semiconductor,958122.89,878,2026-03-23
000660,biotech,835371.99,378,2026-01-13
035420,internet,194005.08,922,2026-01-16
000660,semiconductor,196437.79,314,2026-01-02
005930,biotech,284562.06,352,2026-03-03
000660,biotech,296368.15,572,2026-02-17
005930,biotech,693517.96,542,2026-04-11
035420,internet,206979.95,968,2026-04-03
005930,internet,825919.08,444,2026-01-17
035420,biotech,642235.66,770,2026-04-26
035420,semiconductor,744277.13,529,2026-04-05
005930,semiconductor,565873.35,668,2026-03-27
005930,biotech,736036.07,694,2026-03-12
000660,semiconductor,758567.04,496,2026-04-05
005930,semiconductor,883236.05,533,2026-02-17
035420,internet,537257.3,629,2026-04-20
068270,biotech,609294.95,771,2026-04-06
035420,semiconductor,584576.11,416,2026-03-27
035420,semiconductor,394154.68,474,2026-03-21
000660,internet,437205.0,956,2026-03-15
068270,internet,958244.79,57,2026-03-09
068270,semiconductor,467192.33,890,2026-01-08
035420,internet,889291.52,452,2026-01-13
035420,biotech,259708.21,729,2026-02-22
005930,biotech,736571.61,575,2026-02-10
068270,biotech,662246.76,213,2026-02-09
068270,internet,250169.72,66,2026-02-15
035420,internet,240618.47,803,2026-01-08
035420,biotech,63599.51,74,2026-04-25
005930,semiconductor,115578.06,150,2026-04-08
005930,semiconductor,777810.14,685,2026-03-02
035420,internet,513246.42,951,2026-02-04
000660,internet,112709.35,364,2026-04-03
000660,semiconductor,950303.62,299,2026-01-19
035420,biotech,334587.39,945,2026-01-23
000660,biotech,280119.66,367,2026-04-02
000660,biotech,432729.62,120,2026-03-28
000660,internet,431240.72,224,2026-02-24
000660,internet,910805.45,742,2026-03-21
035420,semiconductor,571531.43,679,2026-01-13
005930,internet,389923.38,322,2026-01-22
035420,semiconductor,733801.88,553,2026-02-10
000660,biotech,118187.02,169,2026-02-14
000660,biotech,831408.05,417,2026-03-22
000660,internet,163956.01,68,2026-03-08
000660,internet,200692.94,299,2026-02-24
000660,internet,101615.43,725,2026-01-15
005930,internet,229587.55,870,2026-02-18
068270,biotech,721627.66,352,2026-04-18
068270,semiconductor,373352.21,949,2026-01-28
035420,semiconductor,392222.22,668,2026-01-27
000660,biotech,897278.54,150,2026-03-17
000660,internet,134825.05,707,2026-03-26
005930,semiconductor,933662.42,738,2026-04-23
000660,internet,208605.43,926,2026-03-13
005930,semiconductor,314517.44,532,2026-01-04
035420,semiconductor,333149.6,542,2026-04-19
035420,semiconductor,95776.71,110,2026-02-16
035420,semiconductor,502169.34,505,2026-02-14
035420,semiconductor,99737.27,22,2026-02-05
005930,internet,733671.13,658,2026-01-06
035420,biotech,886148.9,109,2026-01-23
005930,semiconductor,330536.4,737,2026-04-07
068270,biotech,750241.72,335,2026-04-12
005930,biotech,239254.51,365,2026-01-28
035420,internet,683523.33,58,2026-02-22
000660,semiconductor,304213.04,62,2026-02-14
005930,semiconductor,915515.27,779,2026-02-17
068270,biotech,442960.54,930,2026-03-15
000660,semiconductor,910762.59,893,2026-04-11
005930,biotech,543080.67,239,2026-01-20
035420,internet,258815.08,613,2026-02-12
035420,biotech,66100.28,708,2026-03-09
000660,semiconductor,302303.69,745,2026-01-25
005930,internet,542062.5,765,2026-01-12
068270,internet,679856.98,982,2026-03-04
035420,internet,72415.22,340,2026-04-01
035420,semiconductor,326587.04,54,2026-02-27
068270,internet,724628.66,166,2026-02-02
068270,semiconductor,760072.19,480,2026-04-26
068270,biotech,990698.45,640,2026-01-24
068270,biotech,662361.62,809,2026-04-22
005930,semiconductor,264112.2,501,2026-03-10
005930,biotech,854834.72,516,2026-01-19
035420,semiconductor,820567.58,369,2026-04-15
035420,internet,296909.73,58,2026-03-20
000660,biotech,496488.85,568,2026-03-09
000660,biotech,705591.73,891,2026-01-20
068270,semiconductor,475289.75,575,2026-01-18
000660,internet,773033.89,745,2026-01-26
005930,biotech,122427.26,303,2026-02-22
000660,biotech,569516.66,311,2026-01-03
000660,biotech,473264.56,437,2026-01-11
068270,semiconductor,180149.11,340,2026-01-18
035420,internet,279878.27,591,2026-01-16
068270,internet,523324.2,705,2026-04-27
000660,biotech,591062.79,148,2026-01-25
000660,internet,217290.7,879,2026-02-18
000660,biotech,230602.27,892,2026-01-27
005930,biotech,713395.6,820,2026-01-16
000660,biotech,769444.7,150,2026-02-08
000660,internet,270437.84,436,2026-03-17
035420,biotech,783045.57,95,2026-04-09
005930,biotech,795199.82,997,2026-04-28
000660,internet,652645.5,737,2026-02-28
068270,biotech,538949.44,953,2026-03-22
005930,internet,77711.28,460,2026-04-13
005930,biotech,906313.94,447,2026-04-23
035420,biotech,993592.26,681,2026-01-07
005930,internet,422835.28,638,2026-02-03
035420,semiconductor,472147.08,867,2026-02-17
000660,semiconductor,288451.31,989,2026-01-27
000660,semiconductor,278378.97,67,2026-02-13
068270,internet,530660.01,724,2026-01-09
005930,biotech,958504.09,287,2026-02-24
005930,semiconductor,952936.21,718,2026-04-11
068270,internet,456126.74,597,2026-02-19
035420,semiconductor,385397.87,312,2026-03-07
000660,semiconductor,448475.59,141,2026-03-10
068270,internet,567280.48,118,2026-01-08
005930,internet,614112.36,567,2026-04-14
005930,internet,115557.21,280,2026-03-05
005930,internet,140300.39,292,2026-04-04
000660,semiconductor,782566.68,13,2026-03-02
005930,semiconductor,562139.83,257,2026-04-23
005930,semiconductor,422232.77,190,2026-02-09
005930,semiconductor,445737.54,575,2026-02-05
005930,biotech,240532.24,624,2026-02-21
005930,internet,888597.66,351,2026-03-04
068270,biotech,745138.5,429,2026-03-09
005930,semiconductor,451497.74,315,2026-02-05
005930,internet,307866.65,194,2026-02-16
035420,internet,816358.84,560,2026-04-24
000660,semiconductor,565347.45,977,2026-01-16
035420,internet,567272.11,211,2026-04-27
000660,internet,541716.49,986,2026-03-10
000660,semiconductor,393624.74,569,2026-04-15
005930,internet,771055.02,111,2026-01-01
035420,semiconductor,213484.77,90,2026-01-24
000660,internet,728610.3,900,2026-02-01
035420,internet,168868.99,518,2026-02-25
005930,biotech,816717.36,486,2026-01-13
000660,biotech,681888.88,254,2026-03-17
035420,semiconductor,740703.92,184,2026-01-23
068270,semiconductor,346384.82,483,2026-03-04
068270,biotech,65258.77,52,2026-04-03
068270,biotech,718514.79,279,2026-02-23
068270,internet,526033.49,911,2026-01-01
005930,internet,458116.15,462,2026-03-16
000660,semiconductor,963437.67,967,2026-03-19
068270,internet,885373.97,98,2026-04-04
068270,internet,350722.18,31,2026-03-25
005930,internet,347220.0,384,2026-03-18
068270,internet,910782.71,219,2026-04-16
068270,semiconductor,571415.73,135,2026-01-11
005930,internet,441072.69,911,2026-01-05
005930,biotech,625229.53,897,2026-03-01
000660,biotech,461128.54,28,2026-02-05
035420,biotech,245131.34,688,2026-04-01
005930,biotech,746812.41,224,2026-02-23
035420,biotech,621047.56,413,2026-01-24
000660,internet,460417.98,578,2026-04-26
000660,semiconductor,978249.02,331,2026-02-26
005930,biotech,577720.65,91,2026-02-20
005930,semiconductor,379197.96,213,2026-03-27
035420,biotech,540950.44,812,2026-04-02
068270,biotech,705289.91,163,2026-03-23
035420,internet,121804.43,239,2026-04-27
005930,biotech,711007.6,412,2026-04-03
035420,biotech,304031.93,811,2026-02-03
000660,internet,585476.97,82,2026-01-16
000660,semiconductor,549468.41,68,2026-04-02
005930,semiconductor,161212.74,994,2026-02-21
035420,internet,749708.47,569,2026-01-27
068270,biotech,643944.53,423,2026-01-13
068270,semiconductor,64625.15,77,2026-03-17
005930,internet,959701.96,429,2026-01-13
000660,biotech,752437.82,271,2026-04-06
005930,biotech,57903.95,63,2026-02-03
068270,internet,130086.25,418,2026-04-15
035420,semiconductor,537090.07,932,2026-02-19
068270,semiconductor,569532.17,50,2026-02-18
068270,semiconductor,136821.91,378,2026-01-23
035420,internet,78028.85,746,2026-01-14
005930,internet,285181.78,305,2026-03-18
035420,biotech,626395.14,340,2026-04-18
000660,internet,846567.24,559,2026-03-19
068270,internet,319139.52,513,2026-02-03
000660,biotech,755737.42,897,2026-03-14
068270,internet,782205.4,730,2026-01-06
035420,semiconductor,366926.45,965,2026-04-01
000660,semiconductor,683139.9,577,2026-03-21
000660,semiconductor,880036.77,132,2026-04-06
000660,biotech,666856.21,558,2026-03-28
000660,biotech,525076.11,521,2026-03-26
005930,semiconductor,335993.77,265,2026-03-11
000660,internet,316986.18,12,2026-02-06
000660,semiconductor,297224.77,47,2026-01-16
005930,semiconductor,797196.26,869,2026-01-18
035420,internet,823419.4,605,2026-03-03
068270,semiconductor,57566.18,149,2026-04-27
068270,biotech,558776.12,286,2026-01-26
068270,semiconductor,836710.99,823,2026-04-23
068270,semiconductor,360405.41,186,2026-02-26
035420,semiconductor,352678.51,838,2026-01-06
035420,semiconductor,527975.85,671,2026-01-22
005930,biotech,890157.72,85,2026-03-16
035420,biotech,467250.07,735,2026-01-15
005930,internet,220290.59,567,2026-04-15
068270,internet,458128.16,256,2026-04-21
000660,semiconductor,745781.0,27,2026-02-22
000660,semiconductor,377968.46,647,2026-03-10
035420,biotech,165420.62,124,2026-04-02
005930,biotech,627365.05,215,2026-03-23
035420,biotech,304220.76,127,2026-03-28
068270,internet,579034.52,184,2026-01-01
035420,internet,711608.32,184,2026-02-01
005930,biotech,361174.56,150,2026-02-01
000660,semiconductor,555878.86,214,2026-04-17
005930,semiconductor,370346.25,649,2026-04-26
005930,internet,158571.48,803,2026-01-03
035420,biotech,532414.81,830,2026-01-17
000660,semiconductor,864443.46,260,2026-01-03
035420,semiconductor,647005.13,425,2026-02-28
068270,semiconductor,744750.69,82,2026-04-24
005930,semiconductor,830318.94,345,2026-01-19
068270,internet,321233.34,208,2026-02-19
035420,biotech,434340.22,792,2026-03-11
005930,biotech,418434.79,241,2026-02-19
068270,biotech,113624.93,543,2026-02-12
035420,semiconductor,755927.46,344,2026-04-20
005930,semiconductor,120400.15,843,2026-01-13
000660,internet,269971.01,230,2026-03-10
005930,internet,259105.76,703,2026-02-08
035420,internet,401095.49,516,2026-04-20
035420,biotech,382447.69,105,2026-03-11
000660,biotech,850209.23,914,2026-04-28
000660,semiconductor,148494.65,57,2026-01-04
068270,semiconductor,604527.91,878,2026-04-13
000660,internet,693599.74,509,2026-01-03
005930,internet,639450.1,550,2026-03-07
068270,semiconductor,379614.53,911,2026-01-26
005930,internet,625141.17,798,2026-04-26
068270,biotech,599866.42,479,2026-02-10
068270,biotech,444222.65,276,2026-02-16
068270,internet,226104.14,246,2026-03-02
000660,biotech,912446.59,309,2026-03-15
068270,semiconductor,605434.69,187,2026-04-19
000660,internet,676535.23,745,2026-01-06
005930,internet,654923.63,972,2026-02-01
000660,semiconductor,834621.82,926,2026-02-14
005930,internet,615538.1,799,2026-02-07
005930,internet,830565.54,489,2026-03-23
000660,biotech,714001.39,213,2026-01-28
068270,semiconductor,490790.62,543,2026-02-21
068270,internet,833110.55,837,2026-04-14
000660,biotech,457535.69,375,2026-03-24
068270,internet,905912.85,113,2026-01-06
000660,biotech,760604.5,191,2026-01-06
068270,internet,998947.98,308,2026-01-27
068270,semiconductor,865122.11,374,2026-03-03
035420,internet,338828.76,790,2026-01-03
068270,internet,392405.49,508,2026-02-11
000660,internet,126211.13,510,2026-03-22
000660,internet,776135.72,123,2026-01-04
068270,internet,845263.65,244,2026-02-03
035420,semiconductor,871211.58,147,2026-03-25
068270,semiconductor,656406.13,28,2026-03-02
000660,semiconductor,419768.95,285,2026-04-19
035420,internet,932682.54,704,2026-04-05
035420,internet,495820.97,670,2026-04-18
068270,biotech,814193.36,477,2026-02-25
000660,internet,951740.66,198,2026-02-27
035420,biotech,404466.49,480,2026-03-21
068270,semiconductor,101671.21,580,2026-03-25
005930,biotech,311523.8,860,2026-01-07
068270,semiconductor,220388.21,981,2026-02-22
000660,internet,480265.52,439,2026-02-18
068270,biotech,790147.46,384,2026-03-11
035420,biotech,701415.52,175,2026-03-28
068270,biotech,431792.84,982,2026-02-05
005930,biotech,660448.73,447,2026-02-11
068270,internet,99389.88,17,2026-01-08
000660,biotech,919888.62,349,2026-04-23
068270,biotech,676093.14,528,2026-04-13
035420,internet,699281.09,164,2026-01-23
068270,internet,168959.53,188,2026-04-05
000660,semiconductor,641499.01,640,2026-01-08
035420,internet,787115.96,375,2026-04-28
035420,semiconductor,976575.98,954,2026-01-10
000660,semiconductor,130848.31,532,2026-02-18
035420,biotech,267897.49,285,2026-02-06
068270,biotech,121080.14,792,2026-01-20
035420,semiconductor,771327.88,817,2026-04-08
068270,internet,808378.54,119,2026-04-08
005930,biotech,69494.77,659,2026-03-28
005930,semiconductor,337355.08,45,2026-01-26
000660,internet,787963.17,175,2026-03-24
035420,internet,143653.78,40,2026-03-11
068270,biotech,813614.65,462,2026-04-06
000660,biotech,346105.34,949,2026-04-28
000660,internet,128158.71,256,2026-03-10
005930,internet,104129.79,193,2026-02-09
000660,semiconductor,379709.25,539,2026-03-12
068270,semiconductor,869092.82,280,2026-03-23
035420,semiconductor,989978.57,402,2026-04-20
000660,internet,546622.13,854,2026-04-09
035420,biotech,846318.9,336,2026-01-03
068270,biotech,167070.95,816,2026-04-27
005930,biotech,908133.11,886,2026-01-17
005930,biotech,589340.95,197,2026-02-14
035420,biotech,268335.39,560,2026-04-25
005930,internet,184162.37,431,2026-04-28
005930,biotech,861547.75,652,2026-01-22
000660,biotech,623658.43,431,2026-04-23
068270,biotech,185851.07,215,2026-04-03
000660,internet,899285.94,85,2026-01-27
035420,semiconductor,806130.07,711,2026-04-25
035420,semiconductor,290013.73,734,2026-02-20
035420,internet,300084.98,534,2026-01-10
000660,semiconductor,645962.49,726,2026-01-22
068270,semiconductor,576620.6,982,2026-01-24
000660,biotech,951077.8,288,2026-02-08
068270,internet,276239.32,708,2026-01-07
005930,semiconductor,783890.47,710,2026-04-23
000660,biotech,458485.95,922,2026-02-07
005930,biotech,427972.42,103,2026-02-13
035420,semiconductor,774748.67,633,2026-03-17
068270,internet,634372.68,210,2026-04-10
068270,internet,167230.77,393,2026-04-01
005930,semiconductor,847221.38,10,2026-04-03
035420,biotech,254725.72,809,2026-03-12
005930,semiconductor,156013.35,962,2026-04-08
035420,biotech,710843.42,116,2026-04-10
000660,internet,763231.17,692,2026-03-17
005930,biotech,693523.47,862,2026-04-23
068270,biotech,397591.52,623,2026-01-13
068270,internet,548498.86,242,2026-01-03
035420,internet,327890.6,158,2026-03-02
035420,internet,655239.97,282,2026-02-19
068270,biotech,330871.81,559,2026-03-05
035420,biotech,313591.45,308,2026-04-26
005930,biotech,730247.47,114,2026-04-23
068270,biotech,804756.78,261,2026-03-14
068270,internet,857057.5,947,2026-02-16
068270,semiconductor,938710.29,977,2026-04-16
000660,biotech,108718.04,146,2026-03-16
068270,internet,192948.66,663,2026-01-25
035420,biotech,229923.75,929,2026-02-22
000660,semiconductor,763618.28,969,2026-04-10
035420,internet,329553.4,204,2026-02-27
068270,semiconductor,56534.06,469,2026-01-21
068270,biotech,731264.54,992,2026-03-18
068270,internet,330318.73,697,2026-03-16
005930,biotech,231079.34,679,2026-03-26
005930,semiconductor,869978.76,637,2026-02-21
000660,semiconductor,554882.17,303,2026-01-15