event_id,user_id,session_id,event_time,event_type,order_id,amount
A0000001,100004,S000007,2025-07-04 15:44:31,click,,0.0
A0000002,100006,S000011,2025-07-10 06:02:34,click,,0.0
A0000003,100009,S000017,2025-07-06 16:21:25,click,,0.0
A0000004,100009,S000017,2025-07-06 16:27:52,purchase,O000001,40981.61
A0000005,100010,S000020,2025-07-09 18:35:30,click,,0.0
A0000006,100011,S000021,2025-07-11 23:06:14,click,,0.0
A0000007,100012,S000024,2025-07-02 15:29:22,click,,0.0
A0000008,100014,S000027,2025-07-13 01:58:35,click,,0.0
A0000009,100016,S000031,2025-07-04 06:11:09,click,,0.0
A0000010,100019,S000035,2025-07-13 21:09:00,click,,0.0
A0000011,100020,S000036,2025-07-13 20:08:46,click,,0.0
A0000012,100022,S000040,2025-07-09 09:46:40,click,,0.0
A0000013,100022,S000040,2025-07-09 09:52:52,purchase,O000002,11877.95
A0000014,100023,S000041,2025-07-02 03:15:56,click,,0.0
A0000015,100026,S000046,2025-07-04 13:47:28,click,,0.0
A0000016,100026,S000046,2025-07-04 13:54:38,purchase,O000003,42858.23
A0000017,100029,S000053,2025-07-14 20:34:38,click,,0.0
A0000018,100031,S000057,2025-07-04 11:09:41,click,,0.0
A0000019,100031,S000057,2025-07-04 11:16:10,purchase,O000004,29438.34
A0000020,100033,S000060,2025-07-03 06:13:55,click,,0.0
A0000021,100034,S000061,2025-07-03 20:27:40,click,,0.0
A0000022,100037,S000066,2025-07-09 03:39:45,click,,0.0
A0000023,100037,S000066,2025-07-09 03:40:57,purchase,O000005,22770.22
A0000024,100041,S000074,2025-07-02 22:03:49,click,,0.0
A0000025,100046,S000080,2025-07-04 03:38:04,click,,0.0
A0000026,100055,S000093,2025-07-05 17:52:38,click,,0.0
A0000027,100055,S000093,2025-07-05 18:02:11,purchase,O000006,47897.68
A0000028,100063,S000106,2025-07-11 23:50:02,click,,0.0
A0000029,100065,S000109,2025-07-13 15:25:57,click,,0.0
A0000030,100068,S000112,2025-07-09 09:50:05,click,,0.0
A0000031,100071,S000120,2025-07-02 10:57:54,click,,0.0
A0000032,100072,S000121,2025-07-05 18:46:38,click,,0.0
A0000033,100076,S000129,2025-07-12 21:22:09,click,,0.0
A0000034,100078,S000135,2025-07-14 22:49:11,click,,0.0
A0000035,100084,S000144,2025-07-08 04:50:46,click,,0.0
A0000036,100087,S000148,2025-07-14 15:34:14,click,,0.0
A0000037,100090,S000151,2025-07-02 17:32:45,click,,0.0
A0000038,100093,S000155,2025-07-10 11:22:42,click,,0.0
A0000039,100093,S000155,2025-07-10 11:32:24,purchase,O000007,37782.56
A0000040,100093,S000156,2025-07-10 08:56:37,click,,0.0
A0000041,100093,S000157,2025-07-10 14:06:10,click,,0.0
A0000042,100096,S000162,2025-07-11 04:56:10,click,,0.0
A0000043,100096,S000162,2025-07-11 05:05:32,purchase,O000008,30507.16
A0000044,100096,S000163,2025-07-11 06:05:38,click,,0.0
A0000045,100097,S000164,2025-07-09 22:57:08,click,,0.0
A0000046,100124,S000206,2025-07-08 07:02:33,click,,0.0
A0000047,100125,S000207,2025-07-04 07:19:27,click,,0.0
A0000048,100127,S000212,2025-07-13 08:20:19,click,,0.0
A0000049,100128,S000214,2025-07-13 12:08:21,click,,0.0
A0000050,100130,S000218,2025-07-06 18:45:07,click,,0.0
A0000051,100135,S000228,2025-07-03 04:01:26,click,,0.0
A0000052,100136,S000230,2025-07-13 22:20:02,click,,0.0
A0000053,100140,S000236,2025-07-01 13:33:30,click,,0.0
A0000054,100144,S000241,2025-07-12 11:52:51,click,,0.0
A0000055,100148,S000247,2025-07-04 23:39:43,click,,0.0
A0000056,100151,S000251,2025-07-04 08:31:08,click,,0.0
A0000057,100153,S000255,2025-07-03 16:57:02,click,,0.0
A0000058,100158,S000263,2025-07-03 11:39:59,click,,0.0
A0000059,100158,S000263,2025-07-03 11:49:43,purchase,O000009,25093.55
A0000060,100162,S000270,2025-07-05 23:35:53,click,,0.0
A0000061,100163,S000271,2025-07-11 16:33:25,click,,0.0
A0000062,100163,S000272,2025-07-11 18:59:15,click,,0.0
A0000063,100171,S000285,2025-07-04 15:58:49,click,,0.0
A0000064,100172,S000287,2025-07-02 10:11:15,click,,0.0
A0000065,100174,S000289,2025-07-08 02:22:23,click,,0.0
A0000066,100174,S000289,2025-07-08 02:24:38,purchase,O000010,13137.15
A0000067,100179,S000298,2025-07-14 10:51:50,click,,0.0
A0000068,100179,S000298,2025-07-14 10:53:00,purchase,O000011,42579.53
A0000069,100179,S000299,2025-07-14 07:02:07,click,,0.0
A0000070,100179,S000299,2025-07-14 07:05:32,purchase,O000012,39482.57
A0000071,100184,S000305,2025-07-07 14:15:25,click,,0.0
A0000072,100191,S000315,2025-07-14 06:32:03,click,,0.0
A0000073,100192,S000318,2025-07-10 08:35:03,click,,0.0
A0000074,100192,S000319,2025-07-10 08:33:36,click,,0.0
A0000075,100192,S000319,2025-07-10 08:41:08,purchase,O000013,32446.44
A0000076,100199,S000331,2025-07-05 21:02:44,click,,0.0
A0000077,100200,S000332,2025-07-04 08:16:04,click,,0.0
A0000078,100201,S000335,2025-07-07 02:17:34,click,,0.0
A0000079,100202,S000336,2025-07-07 06:57:40,click,,0.0
A0000080,100202,S000337,2025-07-07 04:34:08,click,,0.0
A0000081,100207,S000347,2025-07-15 03:00:20,click,,0.0
A0000082,100210,S000353,2025-07-11 20:23:16,click,,0.0
A0000083,100211,S000355,2025-07-06 04:33:26,click,,0.0
A0000084,100213,S000358,2025-07-06 15:52:03,click,,0.0
A0000085,100217,S000370,2025-07-02 08:25:45,click,,0.0
A0000086,100219,S000373,2025-07-02 19:03:09,click,,0.0
A0000087,100222,S000381,2025-07-14 11:10:12,click,,0.0
A0000088,100222,S000381,2025-07-14 11:16:58,purchase,O000014,46419.81
A0000089,100223,S000382,2025-07-07 21:00:39,click,,0.0
A0000090,100224,S000383,2025-07-11 15:25:18,click,,0.0
A0000091,100224,S000383,2025-07-11 15:27:27,purchase,O000015,32943.32
A0000092,100226,S000385,2025-07-04 20:32:58,click,,0.0
A0000093,100237,S000403,2025-07-14 00:03:50,click,,0.0
A0000094,100244,S000412,2025-07-02 16:02:17,click,,0.0
A0000095,100244,S000412,2025-07-02 16:03:04,purchase,O000016,16536.38
A0000096,100245,S000415,2025-07-13 10:56:51,click,,0.0
A0000097,100245,S000415,2025-07-13 10:58:49,purchase,O000017,49400.37
A0000098,100245,S000416,2025-07-13 07:49:21,click,,0.0
A0000099,100249,S000422,2025-07-04 23:26:45,click,,0.0
A0000100,100250,S000423,2025-07-12 05:43:55,click,,0.0
A0000101,100250,S000423,2025-07-12 05:48:16,purchase,O000018,31044.66
A0000102,100257,S000435,2025-07-03 17:35:32,click,,0.0
A0000103,100261,S000443,2025-07-10 14:47:51,click,,0.0
A0000104,100263,S000446,2025-07-07 00:17:02,click,,0.0
A0000105,100265,S000449,2025-07-14 18:40:36,click,,0.0
A0000106,100266,S000451,2025-07-15 00:44:14,click,,0.0
A0000107,100266,S000452,2025-07-15 01:56:30,click,,0.0
A0000108,100273,S000462,2025-07-05 16:10:00,click,,0.0
A0000109,100274,S000466,2025-07-03 12:27:21,click,,0.0
A0000110,100276,S000470,2025-07-09 00:05:16,click,,0.0
A0000111,100276,S000470,2025-07-09 00:07:51,purchase,O000019,32261.78
A0000112,100276,S000471,2025-07-09 04:31:32,click,,0.0
A0000113,100276,S000471,2025-07-09 04:32:53,purchase,O000020,41318.75
A0000114,100276,S000472,2025-07-09 04:33:34,click,,0.0
A0000115,100277,S000473,2025-07-06 13:52:06,click,,0.0
A0000116,100279,S000477,2025-07-03 00:41:51,click,,0.0
A0000117,100279,S000477,2025-07-03 00:44:30,purchase,O000021,24327.68
A0000118,100280,S000479,2025-07-11 18:06:42,click,,0.0
A0000119,100285,S000486,2025-07-10 06:27:29,click,,0.0
A0000120,100292,S000496,2025-07-05 18:37:23,click,,0.0
A0000121,100292,S000496,2025-07-05 18:43:51,purchase,O000022,30795.67
A0000122,100293,S000498,2025-07-05 20:31:51,click,,0.0
A0000123,100295,S000501,2025-07-10 22:03:27,click,,0.0
A0000124,100302,S000515,2025-07-10 04:47:26,click,,0.0
A0000125,100306,S000521,2025-07-13 21:51:23,click,,0.0
A0000126,100308,S000526,2025-07-07 18:23:25,click,,0.0
A0000127,100309,S000528,2025-07-12 16:06:44,click,,0.0
A0000128,100310,S000529,2025-07-02 14:18:40,click,,0.0
A0000129,100310,S000529,2025-07-02 14:25:08,purchase,O000023,24429.05
A0000130,100316,S000539,2025-07-01 21:18:50,click,,0.0
A0000131,100317,S000541,2025-07-03 18:07:42,click,,0.0
A0000132,100319,S000546,2025-07-03 04:14:34,click,,0.0
A0000133,100319,S000546,2025-07-03 04:16:41,purchase,O000024,37344.47
A0000134,100321,S000548,2025-07-08 19:27:59,click,,0.0
A0000135,100328,S000561,2025-07-04 15:27:17,click,,0.0
A0000136,100337,S000575,2025-07-14 10:58:21,click,,0.0
A0000137,100341,S000580,2025-07-04 19:35:38,click,,0.0
A0000138,100342,S000582,2025-07-15 05:17:38,click,,0.0
A0000139,100342,S000582,2025-07-15 05:19:45,purchase,O000025,15607.36
A0000140,100343,S000584,2025-07-02 08:54:25,click,,0.0
A0000141,100343,S000584,2025-07-02 09:00:46,purchase,O000026,37750.97
A0000142,100347,S000589,2025-07-06 21:17:59,click,,0.0
A0000143,100348,S000592,2025-07-03 19:53:24,click,,0.0
A0000144,100352,S000600,2025-07-08 06:22:52,click,,0.0
A0000145,100357,S000608,2025-07-12 22:17:14,click,,0.0
A0000146,100365,S000620,2025-07-06 19:14:16,click,,0.0
A0000147,100367,S000624,2025-07-01 21:57:59,click,,0.0
A0000148,100367,S000625,2025-07-01 21:57:53,click,,0.0
A0000149,100369,S000628,2025-07-08 10:56:45,click,,0.0
A0000150,100369,S000628,2025-07-08 10:57:44,purchase,O000027,19691.07
A0000151,100372,S000632,2025-07-02 08:24:04,click,,0.0
A0000152,100373,S000634,2025-07-07 08:50:03,click,,0.0
A0000153,100373,S000634,2025-07-07 08:58:44,purchase,O000028,33857.34
A0000154,100379,S000645,2025-07-02 06:59:47,click,,0.0
A0000155,100381,S000649,2025-07-03 12:10:52,click,,0.0
A0000156,100384,S000655,2025-07-05 04:55:31,click,,0.0
A0000157,100388,S000662,2025-07-12 09:54:29,click,,0.0
A0000158,100388,S000662,2025-07-12 09:56:47,purchase,O000029,14918.76
A0000159,100388,S000663,2025-07-12 07:53:04,click,,0.0
A0000160,100389,S000664,2025-07-08 15:01:28,click,,0.0
A0000161,100389,S000664,2025-07-08 15:09:45,purchase,O000030,45435.03
A0000162,100390,S000665,2025-07-11 00:36:28,click,,0.0
A0000163,100392,S000669,2025-07-03 01:38:07,click,,0.0
A0000164,100392,S000670,2025-07-03 07:44:11,click,,0.0
A0000165,100393,S000672,2025-07-06 10:25:13,click,,0.0
A0000166,100393,S000672,2025-07-06 10:31:40,purchase,O000031,16551.89
A0000167,100398,S000677,2025-07-14 22:08:42,click,,0.0
A0000168,100400,S000681,2025-07-10 03:21:25,click,,0.0
A0000169,100405,S000691,2025-07-09 04:28:26,click,,0.0
A0000170,100409,S000697,2025-07-14 18:17:24,click,,0.0
A0000171,100418,S000711,2025-07-09 17:20:18,click,,0.0
A0000172,100423,S000718,2025-07-12 17:19:14,click,,0.0
A0000173,100426,S000724,2025-07-08 06:37:33,click,,0.0
A0000174,100426,S000724,2025-07-08 06:39:11,purchase,O000032,32816.98
A0000175,100426,S000725,2025-07-08 06:33:20,click,,0.0
A0000176,100426,S000725,2025-07-08 06:38:07,purchase,O000033,23810.15
A0000177,100431,S000733,2025-07-12 02:17:58,click,,0.0
A0000178,100431,S000733,2025-07-12 02:27:06,purchase,O000034,24660.42
A0000179,100432,S000736,2025-07-04 06:56:35,click,,0.0
A0000180,100434,S000739,2025-07-06 03:54:25,click,,0.0
A0000181,100434,S000739,2025-07-06 04:03:56,purchase,O000035,38460.17
A0000182,100435,S000740,2025-07-13 18:47:47,click,,0.0
A0000183,100439,S000747,2025-07-01 13:33:20,click,,0.0
A0000184,100440,S000748,2025-07-05 15:14:35,click,,0.0
A0000185,100442,S000752,2025-07-05 17:09:34,click,,0.0
A0000186,100447,S000760,2025-07-12 00:53:43,click,,0.0
A0000187,100455,S000773,2025-07-13 09:35:26,click,,0.0
A0000188,100460,S000783,2025-07-06 15:44:46,click,,0.0
A0000189,100461,S000785,2025-07-10 00:40:34,click,,0.0
A0000190,100474,S000804,2025-07-07 12:20:56,click,,0.0
A0000191,100475,S000806,2025-07-06 23:44:26,click,,0.0
A0000192,100475,S000807,2025-07-07 00:43:41,click,,0.0
A0000193,100478,S000815,2025-07-03 14:44:58,click,,0.0
A0000194,100479,S000817,2025-07-10 01:20:13,click,,0.0
A0000195,100479,S000817,2025-07-10 01:20:50,purchase,O000036,30935.62
A0000196,100485,S000827,2025-07-08 02:03:39,click,,0.0
A0000197,100486,S000828,2025-07-13 20:30:13,click,,0.0
A0000198,100486,S000828,2025-07-13 20:35:44,purchase,O000037,45297.92
A0000199,100491,S000836,2025-07-10 19:46:50,click,,0.0
A0000200,100491,S000836,2025-07-10 19:48:11,purchase,O000038,43082.93
A0000201,100492,S000837,2025-07-03 22:09:25,click,,0.0
A0000202,100494,S000842,2025-07-13 11:01:01,click,,0.0
A0000203,100496,S000844,2025-07-10 10:26:07,click,,0.0
A0000204,100498,S000848,2025-07-06 17:57:05,click,,0.0
A0000205,100499,S000849,2025-07-12 03:27:26,click,,0.0
A0000206,100499,S000849,2025-07-12 03:32:45,purchase,O000039,23031.15
A0000207,100500,S000850,2025-07-10 17:52:20,click,,0.0
A0000208,100500,S000850,2025-07-10 17:59:04,purchase,O000040,29172.95
A0000209,100510,S000868,2025-07-10 21:35:10,click,,0.0
A0000210,100511,S000869,2025-07-10 00:42:44,click,,0.0
A0000211,100513,S000871,2025-07-12 22:45:15,click,,0.0
A0000212,100517,S000878,2025-07-09 10:25:31,click,,0.0
A0000213,100520,S000883,2025-07-14 23:30:22,click,,0.0
A0000214,100523,S000887,2025-07-12 15:29:52,click,,0.0
A0000215,100523,S000887,2025-07-12 15:31:32,purchase,O000041,9080.68
A0000216,100533,S000905,2025-07-04 18:10:59,click,,0.0
A0000217,100533,S000905,2025-07-04 18:15:13,purchase,O000042,34430.43
A0000218,100540,S000916,2025-07-03 07:56:52,click,,0.0
A0000219,100543,S000920,2025-07-04 09:25:00,click,,0.0
A0000220,100545,S000924,2025-07-12 02:44:07,click,,0.0
A0000221,100551,S000936,2025-07-07 00:51:56,click,,0.0
A0000222,100551,S000936,2025-07-07 00:54:41,purchase,O000043,34943.88
A0000223,100554,S000944,2025-07-15 02:44:19,click,,0.0
A0000224,100556,S000948,2025-07-15 00:46:46,click,,0.0
A0000225,100556,S000948,2025-07-15 00:51:23,purchase,O000044,9171.19
A0000226,100560,S000955,2025-07-05 13:22:33,click,,0.0
A0000227,100564,S000960,2025-07-14 16:41:18,click,,0.0
A0000228,100564,S000960,2025-07-14 16:48:22,purchase,O000045,56769.82
A0000229,100566,S000966,2025-07-09 23:15:37,click,,0.0
A0000230,100570,S000970,2025-07-08 12:48:26,click,,0.0
A0000231,100574,S000978,2025-07-14 06:17:18,click,,0.0
A0000232,100574,S000980,2025-07-14 08:11:15,click,,0.0
A0000233,100575,S000981,2025-07-12 23:21:00,click,,0.0
A0000234,100578,S000987,2025-07-08 09:06:59,click,,0.0
A0000235,100578,S000987,2025-07-08 09:16:03,purchase,O000046,31634.35
A0000236,100582,S000993,2025-07-04 08:56:47,click,,0.0
A0000237,100582,S000993,2025-07-04 09:04:58,purchase,O000047,33304.32
A0000238,100586,S001002,2025-07-13 22:16:19,click,,0.0
A0000239,100588,S001006,2025-07-11 01:08:17,click,,0.0
A0000240,100589,S001008,2025-07-09 14:32:12,click,,0.0
A0000241,100589,S001008,2025-07-09 14:34:23,purchase,O000048,27179.43
A0000242,100591,S001010,2025-07-05 12:58:16,click,,0.0
A0000243,100591,S001010,2025-07-05 12:59:03,purchase,O000049,24527.53
A0000244,100597,S001019,2025-07-15 02:03:11,click,,0.0
A0000245,100598,S001021,2025-07-14 00:38:24,click,,0.0
A0000246,100598,S001021,2025-07-14 00:45:17,purchase,O000050,43536.46
A0000247,100605,S001031,2025-07-11 14:29:14,click,,0.0
A0000248,100606,S001034,2025-07-13 12:41:31,click,,0.0
A0000249,100606,S001034,2025-07-13 12:44:18,purchase,O000051,45862.57
A0000250,100610,S001038,2025-07-13 06:04:46,click,,0.0
A0000251,100610,S001038,2025-07-13 06:06:38,purchase,O000052,32888.24
A0000252,100612,S001040,2025-07-09 13:06:38,click,,0.0
A0000253,100616,S001047,2025-07-09 03:35:50,click,,0.0
A0000254,100617,S001048,2025-07-09 07:25:14,click,,0.0
A0000255,100620,S001053,2025-07-11 22:09:21,click,,0.0
A0000256,100621,S001056,2025-07-13 13:33:57,click,,0.0
A0000257,100630,S001073,2025-07-06 05:06:25,click,,0.0
A0000258,100632,S001077,2025-07-11 12:17:38,click,,0.0
A0000259,100634,S001081,2025-07-15 11:10:48,click,,0.0
A0000260,100638,S001086,2025-07-03 13:07:05,click,,0.0
A0000261,100638,S001086,2025-07-03 13:11:01,purchase,O000053,32085.85
A0000262,100642,S001092,2025-07-12 06:35:04,click,,0.0
A0000263,100642,S001092,2025-07-12 06:38:18,purchase,O000054,49615.82
A0000264,100643,S001095,2025-07-06 06:43:04,click,,0.0
A0000265,100644,S001096,2025-07-06 03:37:56,click,,0.0
A0000266,100646,S001098,2025-07-05 09:22:27,click,,0.0
A0000267,100652,S001107,2025-07-15 11:36:25,click,,0.0
A0000268,100659,S001121,2025-07-08 12:36:17,click,,0.0
A0000269,100664,S001130,2025-07-10 08:59:05,click,,0.0
A0000270,100664,S001131,2025-07-10 12:22:33,click,,0.0
A0000271,100669,S001144,2025-07-03 22:35:45,click,,0.0
A0000272,100673,S001150,2025-07-03 10:23:53,click,,0.0
A0000273,100679,S001159,2025-07-02 14:04:37,click,,0.0
A0000274,100683,S001166,2025-07-09 22:05:04,click,,0.0
A0000275,100687,S001174,2025-07-05 04:12:40,click,,0.0
A0000276,100687,S001174,2025-07-05 04:17:59,purchase,O000055,13688.1
A0000277,100688,S001177,2025-07-03 13:12:26,click,,0.0
A0000278,100690,S001179,2025-07-09 22:03:34,click,,0.0
A0000279,100690,S001179,2025-07-09 22:05:19,purchase,O000056,12290.52
A0000280,100692,S001181,2025-07-08 15:22:14,click,,0.0
A0000281,100693,S001183,2025-07-13 06:45:15,click,,0.0
A0000282,100698,S001191,2025-07-09 10:32:08,click,,0.0
A0000283,100699,S001192,2025-07-08 17:39:33,click,,0.0
A0000284,100702,S001195,2025-07-14 04:45:27,click,,0.0
A0000285,100707,S001203,2025-07-13 10:32:48,click,,0.0
A0000286,100714,S001213,2025-07-02 20:47:24,click,,0.0
A0000287,100716,S001217,2025-07-09 01:37:03,click,,0.0
A0000288,100723,S001229,2025-07-08 08:05:33,click,,0.0
A0000289,100726,S001234,2025-07-14 02:47:15,click,,0.0
A0000290,100727,S001236,2025-07-13 23:28:32,click,,0.0
A0000291,100727,S001236,2025-07-13 23:29:10,purchase,O000057,37328.86
A0000292,100728,S001238,2025-07-11 19:27:49,click,,0.0
A0000293,100731,S001244,2025-07-10 18:17:05,click,,0.0
A0000294,100733,S001248,2025-07-02 22:49:16,click,,0.0
A0000295,100733,S001248,2025-07-02 22:52:41,purchase,O000058,1000.0
A0000296,100743,S001265,2025-07-08 04:19:28,click,,0.0
A0000297,100746,S001269,2025-07-08 04:51:31,click,,0.0
A0000298,100746,S001269,2025-07-08 04:58:07,purchase,O000059,29689.94
A0000299,100751,S001276,2025-07-10 01:51:39,click,,0.0
A0000300,100751,S001276,2025-07-10 01:55:35,purchase,O000060,31008.86
A0000301,100752,S001277,2025-07-03 12:08:47,click,,0.0
A0000302,100754,S001279,2025-07-03 13:34:13,click,,0.0
A0000303,100754,S001279,2025-07-03 13:38:51,purchase,O000061,36538.29
A0000304,100755,S001280,2025-07-07 07:47:37,click,,0.0
A0000305,100757,S001283,2025-07-05 19:05:55,click,,0.0
A0000306,100762,S001290,2025-07-05 01:14:40,click,,0.0
A0000307,100769,S001300,2025-07-14 16:59:19,click,,0.0
A0000308,100775,S001308,2025-07-06 14:19:39,click,,0.0
A0000309,100787,S001329,2025-07-13 16:21:48,click,,0.0
A0000310,100787,S001329,2025-07-13 16:29:49,purchase,O000062,25392.65
A0000311,100788,S001330,2025-07-04 08:55:56,click,,0.0
A0000312,100790,S001334,2025-07-03 19:58:48,click,,0.0
A0000313,100790,S001334,2025-07-03 20:05:38,purchase,O000063,27823.13
A0000314,100792,S001337,2025-07-06 00:01:47,click,,0.0
A0000315,100792,S001337,2025-07-06 00:03:41,purchase,O000064,45821.67
A0000316,100797,S001347,2025-07-06 09:12:08,click,,0.0
A0000317,100799,S001349,2025-07-09 00:29:25,click,,0.0
A0000318,100800,S001353,2025-07-06 11:12:39,click,,0.0
A0000319,100803,S001357,2025-07-04 13:06:29,click,,0.0
A0000320,100803,S001358,2025-07-04 12:22:25,click,,0.0
A0000321,100812,S001373,2025-07-11 09:58:33,click,,0.0
A0000322,100812,S001374,2025-07-11 02:30:52,click,,0.0
A0000323,100816,S001380,2025-07-09 11:18:00,click,,0.0
A0000324,100818,S001384,2025-07-09 19:59:29,click,,0.0
A0000325,100818,S001384,2025-07-09 20:04:11,purchase,O000065,56422.88
A0000326,100825,S001399,2025-07-02 16:21:33,click,,0.0
A0000327,100827,S001402,2025-07-12 15:29:42,click,,0.0
A0000328,100828,S001405,2025-07-02 08:06:43,click,,0.0
A0000329,100828,S001406,2025-07-02 05:23:53,click,,0.0
A0000330,100828,S001406,2025-07-02 05:24:35,purchase,O000066,30154.89
A0000331,100839,S001420,2025-07-14 05:04:14,click,,0.0
A0000332,100840,S001423,2025-07-06 21:47:22,click,,0.0
A0000333,100841,S001424,2025-07-06 15:22:59,click,,0.0
A0000334,100841,S001424,2025-07-06 15:25:19,purchase,O000067,34125.11
A0000335,100842,S001425,2025-07-10 09:18:24,click,,0.0
A0000336,100842,S001425,2025-07-10 09:28:04,purchase,O000068,66163.52
A0000337,100842,S001426,2025-07-10 13:29:04,click,,0.0
A0000338,100842,S001427,2025-07-10 11:20:48,click,,0.0
A0000339,100844,S001430,2025-07-06 20:49:31,click,,0.0
A0000340,100844,S001430,2025-07-06 20:57:32,purchase,O000069,60083.89
A0000341,100844,S001432,2025-07-06 21:51:37,click,,0.0
A0000342,100848,S001437,2025-07-13 16:45:42,click,,0.0
A0000343,100848,S001437,2025-07-13 16:47:28,purchase,O000070,26669.11
A0000344,100848,S001438,2025-07-13 19:05:58,click,,0.0
A0000345,100848,S001438,2025-07-13 19:08:14,purchase,O000071,52360.39
A0000346,100850,S001441,2025-07-12 05:37:31,click,,0.0
A0000347,100851,S001443,2025-07-13 20:31:49,click,,0.0
A0000348,100851,S001443,2025-07-13 20:33:06,purchase,O000072,16594.3
A0000349,100854,S001447,2025-07-12 02:41:05,click,,0.0
A0000350,100854,S001448,2025-07-12 05:42:25,click,,0.0
A0000351,100855,S001451,2025-07-05 03:08:25,click,,0.0
A0000352,100855,S001451,2025-07-05 03:18:16,purchase,O000073,21479.29
A0000353,100856,S001453,2025-07-12 23:56:34,click,,0.0
A0000354,100864,S001466,2025-07-13 02:44:13,click,,0.0
A0000355,100867,S001470,2025-07-07 19:24:20,click,,0.0
A0000356,100867,S001470,2025-07-07 19:30:24,purchase,O000074,33389.41
A0000357,100871,S001476,2025-07-04 16:35:27,click,,0.0
A0000358,100871,S001476,2025-07-04 16:36:06,purchase,O000075,29379.44
A0000359,100873,S001479,2025-07-03 17:39:49,click,,0.0
A0000360,100873,S001480,2025-07-03 18:49:21,click,,0.0
A0000361,100874,S001481,2025-07-05 01:07:39,click,,0.0
A0000362,100875,S001483,2025-07-04 02:31:08,click,,0.0
A0000363,100875,S001483,2025-07-04 02:38:35,purchase,O000076,22154.11
A0000364,100876,S001484,2025-07-08 19:36:10,click,,0.0
A0000365,100876,S001484,2025-07-08 19:42:30,purchase,O000077,34241.54
A0000366,100880,S001491,2025-07-08 05:28:08,click,,0.0
A0000367,100884,S001499,2025-07-02 17:14:33,click,,0.0
A0000368,100884,S001499,2025-07-02 17:20:02,purchase,O000078,61656.44
A0000369,100885,S001500,2025-07-09 09:41:28,click,,0.0
A0000370,100889,S001508,2025-07-01 23:44:59,click,,0.0
A0000371,100889,S001508,2025-07-01 23:46:13,purchase,O000079,45399.16
A0000372,100890,S001511,2025-07-14 03:40:09,click,,0.0
A0000373,100894,S001519,2025-07-12 17:37:10,click,,0.0
A0000374,100895,S001521,2025-07-10 11:02:13,click,,0.0
A0000375,100895,S001521,2025-07-10 11:05:27,purchase,O000080,41236.35
A0000376,100897,S001525,2025-07-06 07:01:49,click,,0.0
A0000377,100903,S001533,2025-07-14 18:43:34,click,,0.0
A0000378,100903,S001533,2025-07-14 18:50:28,purchase,O000081,49406.54
A0000379,100904,S001534,2025-07-09 20:44:50,click,,0.0
A0000380,100907,S001539,2025-07-02 05:22:41,click,,0.0
A0000381,100909,S001544,2025-07-12 03:19:34,click,,0.0
A0000382,100912,S001548,2025-07-03 22:25:14,click,,0.0
A0000383,100913,S001549,2025-07-13 06:01:25,click,,0.0
A0000384,100914,S001550,2025-07-01 10:35:32,click,,0.0
A0000385,100915,S001553,2025-07-07 19:35:14,click,,0.0
A0000386,100922,S001563,2025-07-08 21:34:44,click,,0.0
A0000387,100924,S001568,2025-07-06 02:08:29,click,,0.0
A0000388,100924,S001568,2025-07-06 02:09:58,purchase,O000082,46019.36
A0000389,100925,S001570,2025-07-12 08:52:57,click,,0.0
A0000390,100926,S001571,2025-07-01 19:19:24,click,,0.0
A0000391,100928,S001576,2025-07-09 14:50:42,click,,0.0
A0000392,100928,S001576,2025-07-09 14:52:26,purchase,O000083,33665.84
A0000393,100930,S001579,2025-07-13 17:18:14,click,,0.0
A0000394,100931,S001581,2025-07-07 11:28:25,click,,0.0
A0000395,100931,S001581,2025-07-07 11:37:49,purchase,O000084,45749.91
A0000396,100940,S001594,2025-07-12 15:51:21,click,,0.0
A0000397,100949,S001610,2025-07-14 11:18:57,click,,0.0
A0000398,100949,S001610,2025-07-14 11:20:12,purchase,O000085,17774.3
A0000399,100949,S001611,2025-07-14 07:39:13,click,,0.0
A0000400,100950,S001612,2025-07-08 18:39:42,click,,0.0
A0000401,100954,S001621,2025-07-13 00:20:05,click,,0.0
A0000402,100960,S001632,2025-07-04 14:24:02,click,,0.0
A0000403,100965,S001640,2025-07-06 02:32:39,click,,0.0
A0000404,100966,S001642,2025-07-09 01:58:20,click,,0.0
A0000405,100972,S001653,2025-07-07 18:22:27,click,,0.0
A0000406,100972,S001653,2025-07-07 18:23:06,purchase,O000086,40151.38
A0000407,100975,S001658,2025-07-07 21:22:42,click,,0.0
A0000408,100987,S001674,2025-07-07 01:35:36,click,,0.0
A0000409,100989,S001677,2025-07-09 19:46:49,click,,0.0
A0000410,100992,S001681,2025-07-11 15:25:58,click,,0.0
A0000411,100993,S001684,2025-07-11 18:06:45,click,,0.0
A0000412,100993,S001684,2025-07-11 18:09:38,purchase,O000087,37906.43
A0000413,100994,S001686,2025-07-06 04:07:48,click,,0.0
A0000414,100996,S001688,2025-07-15 02:55:18,click,,0.0
A0000415,100998,S001692,2025-07-15 08:06:35,click,,0.0
A0000416,101003,S001703,2025-07-13 01:43:44,click,,0.0
A0000417,101006,S001708,2025-07-14 16:15:12,click,,0.0
A0000418,101006,S001708,2025-07-14 16:20:27,purchase,O000088,55274.39
A0000419,101018,S001728,2025-07-01 19:07:09,click,,0.0
A0000420,101021,S001732,2025-07-02 23:19:25,click,,0.0
A0000421,101024,S001737,2025-07-04 01:40:38,click,,0.0
A0000422,101024,S001738,2025-07-04 05:30:29,click,,0.0
A0000423,101024,S001738,2025-07-04 05:37:07,purchase,O000089,48617.73
A0000424,101024,S001739,2025-07-04 00:05:18,click,,0.0
A0000425,101024,S001739,2025-07-04 00:13:54,purchase,O000090,31586.98
A0000426,101026,S001743,2025-07-05 18:26:38,click,,0.0
A0000427,101030,S001748,2025-07-03 08:10:09,click,,0.0
A0000428,101030,S001750,2025-07-03 07:05:26,click,,0.0
A0000429,101037,S001760,2025-07-11 02:30:19,click,,0.0
A0000430,101042,S001768,2025-07-05 17:50:31,click,,0.0
A0000431,101042,S001768,2025-07-05 17:52:59,purchase,O000091,31840.86
A0000432,101051,S001784,2025-07-12 10:36:27,click,,0.0
A0000433,101054,S001788,2025-07-03 00:07:48,click,,0.0
A0000434,101055,S001790,2025-07-10 06:05:42,click,,0.0
A0000435,101056,S001792,2025-07-02 07:44:45,click,,0.0
A0000436,101056,S001793,2025-07-02 07:47:52,click,,0.0
A0000437,101056,S001793,2025-07-02 07:52:59,purchase,O000092,27789.05
A0000438,101059,S001796,2025-07-06 12:17:18,click,,0.0
A0000439,101064,S001805,2025-07-13 12:37:16,click,,0.0
A0000440,101065,S001806,2025-07-13 22:46:47,click,,0.0
A0000441,101065,S001806,2025-07-13 22:52:29,purchase,O000093,36948.34
A0000442,101067,S001809,2025-07-11 22:15:45,click,,0.0
A0000443,101067,S001810,2025-07-12 01:50:40,click,,0.0
A0000444,101070,S001814,2025-07-12 18:26:20,click,,0.0
A0000445,101070,S001814,2025-07-12 18:35:39,purchase,O000094,27828.23
A0000446,101077,S001826,2025-07-13 00:54:49,click,,0.0
A0000447,101077,S001826,2025-07-13 01:04:11,purchase,O000095,40899.28
A0000448,101079,S001830,2025-07-14 02:46:37,click,,0.0
A0000449,101079,S001830,2025-07-14 02:53:31,purchase,O000096,35709.25
A0000450,101090,S001846,2025-07-15 01:28:58,click,,0.0
A0000451,101090,S001846,2025-07-15 01:33:53,purchase,O000097,58955.98
A0000452,101094,S001853,2025-07-03 23:38:37,click,,0.0
A0000453,101094,S001853,2025-07-03 23:46:38,purchase,O000098,44529.93
A0000454,101095,S001856,2025-07-13 01:38:38,click,,0.0
A0000455,101097,S001858,2025-07-04 02:57:40,click,,0.0
A0000456,101101,S001863,2025-07-05 14:33:46,click,,0.0
A0000457,101105,S001868,2025-07-13 00:30:46,click,,0.0
A0000458,101106,S001870,2025-07-05 17:50:36,click,,0.0
A0000459,101108,S001875,2025-07-10 18:03:09,click,,0.0
A0000460,101110,S001877,2025-07-04 23:01:18,click,,0.0
A0000461,101110,S001877,2025-07-04 23:04:33,purchase,O000099,67685.07
A0000462,101111,S001882,2025-07-15 08:34:31,click,,0.0
A0000463,101114,S001886,2025-07-06 12:19:30,click,,0.0
A0000464,101125,S001902,2025-07-08 22:35:13,click,,0.0
A0000465,101125,S001902,2025-07-08 22:35:55,purchase,O000100,31555.39
A0000466,101126,S001906,2025-07-03 01:08:45,click,,0.0
A0000467,101127,S001907,2025-07-07 06:59:20,click,,0.0
A0000468,101129,S001912,2025-07-14 19:22:07,click,,0.0
A0000469,101130,S001913,2025-07-13 15:07:58,click,,0.0
A0000470,101130,S001913,2025-07-13 15:09:05,purchase,O000101,33447.22
A0000471,101130,S001914,2025-07-13 13:06:40,click,,0.0
A0000472,101131,S001915,2025-07-02 10:19:10,click,,0.0
A0000473,101131,S001916,2025-07-02 12:41:37,click,,0.0
A0000474,101135,S001924,2025-07-15 07:42:07,click,,0.0
A0000475,101136,S001926,2025-07-11 17:53:41,click,,0.0
A0000476,101136,S001926,2025-07-11 18:03:25,purchase,O000102,33007.11
A0000477,101140,S001931,2025-07-09 17:33:31,click,,0.0
A0000478,101143,S001937,2025-07-11 19:47:40,click,,0.0
A0000479,101145,S001943,2025-07-06 10:36:31,click,,0.0
A0000480,101145,S001944,2025-07-06 10:22:51,click,,0.0
A0000481,101150,S001954,2025-07-08 10:23:07,click,,0.0
A0000482,101154,S001958,2025-07-09 11:01:35,click,,0.0
A0000483,101156,S001961,2025-07-04 00:12:09,click,,0.0
A0000484,101156,S001962,2025-07-04 04:42:31,click,,0.0
A0000485,101156,S001962,2025-07-04 04:44:57,purchase,O000103,33577.07
A0000486,101161,S001971,2025-07-02 16:09:49,click,,0.0
A0000487,101163,S001973,2025-07-14 14:38:46,click,,0.0
A0000488,101166,S001982,2025-07-03 11:04:09,click,,0.0
A0000489,101166,S001982,2025-07-03 11:12:52,purchase,O000104,28970.29
A0000490,101168,S001986,2025-07-03 23:07:54,click,,0.0
A0000491,101168,S001986,2025-07-03 23:15:15,purchase,O000105,47020.35
A0000492,101169,S001989,2025-07-05 14:55:08,click,,0.0
A0000493,101174,S001996,2025-07-14 18:51:24,click,,0.0
A0000494,101175,S001999,2025-07-02 10:37:16,click,,0.0
A0000495,101179,S002006,2025-07-08 07:55:58,click,,0.0
A0000496,101180,S002008,2025-07-09 14:34:51,click,,0.0
A0000497,101181,S002009,2025-07-06 01:41:20,click,,0.0
A0000498,101183,S002013,2025-07-08 08:10:24,click,,0.0
A0000499,101188,S002022,2025-07-08 04:27:32,click,,0.0
A0000500,101192,S002029,2025-07-09 01:04:46,click,,0.0
A0000501,101192,S002029,2025-07-09 01:07:23,purchase,O000106,34729.52
A0000502,101193,S002030,2025-07-11 18:55:41,click,,0.0
A0000503,101202,S002044,2025-07-07 22:32:29,click,,0.0
A0000504,101205,S002049,2025-07-11 13:24:45,click,,0.0
A0000505,101210,S002059,2025-07-10 06:46:03,click,,0.0
A0000506,101210,S002059,2025-07-10 06:49:55,purchase,O000107,37414.61
A0000507,101211,S002060,2025-07-09 17:01:15,click,,0.0
A0000508,101212,S002061,2025-07-11 09:11:20,click,,0.0
A0000509,101212,S002062,2025-07-11 08:26:31,click,,0.0
A0000510,101213,S002064,2025-07-13 15:17:40,click,,0.0
A0000511,101215,S002067,2025-07-06 15:05:49,click,,0.0
A0000512,101216,S002068,2025-07-04 19:30:40,click,,0.0
A0000513,101221,S002076,2025-07-07 23:49:17,click,,0.0
A0000514,101221,S002076,2025-07-07 23:57:22,purchase,O000108,21765.19
A0000515,101227,S002084,2025-07-07 04:41:48,click,,0.0
A0000516,101228,S002086,2025-07-03 01:18:10,click,,0.0
A0000517,101228,S002086,2025-07-03 01:21:14,purchase,O000109,41173.51
A0000518,101228,S002087,2025-07-03 02:25:44,click,,0.0
A0000519,101234,S002096,2025-07-13 18:17:41,click,,0.0
A0000520,101235,S002099,2025-07-03 21:05:27,click,,0.0
A0000521,101235,S002099,2025-07-03 21:13:04,purchase,O000110,32170.54
A0000522,101236,S002100,2025-07-10 03:20:35,click,,0.0
A0000523,101237,S002104,2025-07-05 20:02:35,click,,0.0
A0000524,101239,S002106,2025-07-10 03:58:50,click,,0.0
A0000525,101241,S002110,2025-07-06 14:02:38,click,,0.0
A0000526,101242,S002113,2025-07-02 23:44:27,click,,0.0
A0000527,101244,S002115,2025-07-03 00:17:04,click,,0.0
A0000528,101244,S002116,2025-07-02 23:30:59,click,,0.0
A0000529,101245,S002118,2025-07-03 04:51:15,click,,0.0
A0000530,101245,S002118,2025-07-03 04:57:56,purchase,O000111,57980.79
A0000531,101247,S002121,2025-07-01 10:39:25,click,,0.0
A0000532,101247,S002121,2025-07-01 10:45:40,purchase,O000112,36605.72
A0000533,101247,S002122,2025-07-01 16:57:49,click,,0.0
A0000534,101249,S002125,2025-07-02 07:22:58,click,,0.0
A0000535,101253,S002132,2025-07-06 13:05:53,click,,0.0
A0000536,101259,S002144,2025-07-05 21:07:29,click,,0.0
A0000537,101265,S002154,2025-07-06 23:13:55,click,,0.0
A0000538,101265,S002154,2025-07-06 23:21:28,purchase,O000113,35832.58
A0000539,101266,S002155,2025-07-03 13:53:35,click,,0.0
A0000540,101267,S002157,2025-07-13 12:08:46,click,,0.0
A0000541,101270,S002163,2025-07-08 06:07:38,click,,0.0
A0000542,101273,S002168,2025-07-10 07:10:17,click,,0.0
A0000543,101275,S002174,2025-07-05 18:16:35,click,,0.0
A0000544,101275,S002174,2025-07-05 18:18:16,purchase,O000114,45429.11
A0000545,101277,S002177,2025-07-11 18:32:19,click,,0.0
A0000546,101277,S002177,2025-07-11 18:38:00,purchase,O000115,56273.35
A0000547,101279,S002179,2025-07-15 07:49:12,click,,0.0
A0000548,101280,S002180,2025-07-14 05:35:27,click,,0.0
A0000549,101282,S002185,2025-07-13 16:11:01,click,,0.0
A0000550,101283,S002186,2025-07-14 20:10:04,click,,0.0
A0000551,101283,S002188,2025-07-15 01:06:53,click,,0.0
A0000552,101285,S002190,2025-07-13 06:35:40,click,,0.0
A0000553,101287,S002194,2025-07-02 11:48:57,click,,0.0
A0000554,101287,S002194,2025-07-02 11:52:12,purchase,O000116,44194.0
A0000555,101289,S002196,2025-07-13 15:55:59,click,,0.0
A0000556,101289,S002196,2025-07-13 16:03:10,purchase,O000117,38812.9
A0000557,101292,S002201,2025-07-09 05:25:50,click,,0.0
A0000558,101294,S002203,2025-07-10 06:42:16,click,,0.0
A0000559,101302,S002212,2025-07-06 14:44:07,click,,0.0
A0000560,101304,S002215,2025-07-07 16:13:58,click,,0.0
A0000561,101310,S002225,2025-07-08 22:18:31,click,,0.0
A0000562,101310,S002225,2025-07-08 22:19:54,purchase,O000118,1000.0
A0000563,101314,S002232,2025-07-01 17:59:40,click,,0.0
A0000564,101315,S002234,2025-07-04 15:23:09,click,,0.0
A0000565,101317,S002237,2025-07-14 00:57:52,click,,0.0
A0000566,101318,S002238,2025-07-06 04:53:59,click,,0.0
A0000567,101319,S002240,2025-07-13 17:23:07,click,,0.0
A0000568,101321,S002243,2025-07-12 06:57:49,click,,0.0
A0000569,101324,S002247,2025-07-07 16:36:38,click,,0.0
A0000570,101332,S002257,2025-07-01 15:23:07,click,,0.0
A0000571,101332,S002257,2025-07-01 15:29:32,purchase,O000119,51233.57
A0000572,101339,S002266,2025-07-11 01:57:40,click,,0.0
A0000573,101340,S002268,2025-07-11 08:28:12,click,,0.0
A0000574,101340,S002268,2025-07-11 08:34:00,purchase,O000120,5165.07
A0000575,101343,S002273,2025-07-12 17:16:45,click,,0.0
A0000576,101347,S002277,2025-07-02 18:12:44,click,,0.0
A0000577,101353,S002285,2025-07-06 11:38:43,click,,0.0
A0000578,101354,S002287,2025-07-12 07:14:28,click,,0.0
A0000579,101356,S002289,2025-07-11 10:54:08,click,,0.0
A0000580,101366,S002304,2025-07-03 18:21:47,click,,0.0
A0000581,101366,S002304,2025-07-03 18:27:11,purchase,O000121,21513.68
A0000582,101368,S002307,2025-07-04 06:09:07,click,,0.0
A0000583,101368,S002307,2025-07-04 06:15:54,purchase,O000122,21410.09
A0000584,101371,S002313,2025-07-13 04:41:05,click,,0.0
A0000585,101372,S002315,2025-07-08 02:33:16,click,,0.0
A0000586,101372,S002316,2025-07-08 07:23:47,click,,0.0
A0000587,101376,S002323,2025-07-04 09:08:42,click,,0.0
A0000588,101377,S002324,2025-07-09 22:27:00,click,,0.0
A0000589,101377,S002325,2025-07-09 21:28:08,click,,0.0
A0000590,101381,S002330,2025-07-03 21:46:49,click,,0.0
A0000591,101381,S002330,2025-07-03 21:53:02,purchase,O000123,35167.18
A0000592,101389,S002344,2025-07-06 20:39:11,click,,0.0
A0000593,101390,S002346,2025-07-04 12:31:49,click,,0.0
A0000594,101394,S002352,2025-07-01 16:46:11,click,,0.0
A0000595,101394,S002352,2025-07-01 16:51:02,purchase,O000124,26519.1
A0000596,101395,S002355,2025-07-03 00:12:06,click,,0.0
A0000597,101396,S002358,2025-07-09 04:16:13,click,,0.0
A0000598,101397,S002361,2025-07-10 23:32:55,click,,0.0
A0000599,101407,S002377,2025-07-09 12:13:38,click,,0.0
A0000600,101408,S002380,2025-07-14 20:16:58,click,,0.0
A0000601,101411,S002389,2025-07-12 05:08:14,click,,0.0
A0000602,101413,S002392,2025-07-06 07:53:31,click,,0.0
A0000603,101417,S002398,2025-07-12 02:17:38,click,,0.0
A0000604,101420,S002406,2025-07-10 14:01:13,click,,0.0
A0000605,101420,S002406,2025-07-10 14:01:43,purchase,O000125,42544.7
A0000606,101421,S002407,2025-07-12 06:11:26,click,,0.0
A0000607,101421,S002407,2025-07-12 06:20:22,purchase,O000126,35988.75
A0000608,101425,S002412,2025-07-05 23:29:29,click,,0.0
A0000609,101426,S002415,2025-07-11 12:00:07,click,,0.0
A0000610,101427,S002416,2025-07-02 12:00:00,click,,0.0
A0000611,101430,S002423,2025-07-06 06:35:26,click,,0.0
A0000612,101440,S002439,2025-07-12 01:03:12,click,,0.0
A0000613,101456,S002462,2025-07-15 02:03:56,click,,0.0
A0000614,101456,S002462,2025-07-15 02:08:46,purchase,O000127,29440.5
A0000615,101463,S002474,2025-07-11 23:22:57,click,,0.0
A0000616,101463,S002474,2025-07-11 23:27:49,purchase,O000128,33283.13
A0000617,101465,S002477,2025-07-12 01:41:41,click,,0.0
A0000618,101465,S002477,2025-07-12 01:45:24,purchase,O000129,36077.91
A0000619,101469,S002485,2025-07-10 19:07:42,click,,0.0
A0000620,101469,S002486,2025-07-10 20:01:51,click,,0.0
A0000621,101470,S002487,2025-07-04 21:58:16,click,,0.0
A0000622,101471,S002488,2025-07-10 06:55:27,click,,0.0
A0000623,101473,S002492,2025-07-06 23:10:28,click,,0.0
A0000624,101473,S002492,2025-07-06 23:20:02,purchase,O000130,14393.99
A0000625,101477,S002498,2025-07-11 21:14:33,click,,0.0
A0000626,101477,S002498,2025-07-11 21:17:01,purchase,O000131,29514.29
A0000627,101488,S002520,2025-07-11 03:56:19,click,,0.0
A0000628,101488,S002521,2025-07-11 02:53:04,click,,0.0
A0000629,101491,S002525,2025-07-04 22:13:23,click,,0.0
A0000630,101491,S002525,2025-07-04 22:17:50,purchase,O000132,41129.07
A0000631,101492,S002530,2025-07-10 06:14:39,click,,0.0
A0000632,101494,S002533,2025-07-08 07:54:10,click,,0.0
A0000633,101496,S002535,2025-07-04 15:19:19,click,,0.0
A0000634,101501,S002545,2025-07-12 15:08:37,click,,0.0
A0000635,101502,S002546,2025-07-06 02:34:27,click,,0.0
A0000636,101502,S002546,2025-07-06 02:36:02,purchase,O000133,31855.17
A0000637,101503,S002549,2025-07-02 03:53:22,click,,0.0
A0000638,101505,S002556,2025-07-02 18:52:07,click,,0.0
A0000639,101505,S002556,2025-07-02 18:59:36,purchase,O000134,52230.6
A0000640,101507,S002560,2025-07-03 13:12:48,click,,0.0
A0000641,101510,S002563,2025-07-14 07:14:15,click,,0.0
A0000642,101510,S002563,2025-07-14 07:18:03,purchase,O000135,9693.64
A0000643,101513,S002568,2025-07-11 14:05:23,click,,0.0
A0000644,101513,S002568,2025-07-11 14:15:15,purchase,O000136,24463.67
A0000645,101514,S002569,2025-07-09 02:14:14,click,,0.0
A0000646,101515,S002571,2025-07-03 08:42:08,click,,0.0
A0000647,101517,S002574,2025-07-07 03:12:52,click,,0.0
A0000648,101519,S002579,2025-07-12 18:27:30,click,,0.0
A0000649,101521,S002582,2025-07-08 01:19:46,click,,0.0
A0000650,101521,S002582,2025-07-08 01:26:25,purchase,O000137,19088.75
A0000651,101522,S002583,2025-07-15 13:25:05,click,,0.0
A0000652,101522,S002584,2025-07-15 12:22:51,click,,0.0
A0000653,101523,S002585,2025-07-14 08:22:19,click,,0.0
A0000654,101525,S002588,2025-07-12 10:28:57,click,,0.0
A0000655,101527,S002593,2025-07-08 15:41:43,click,,0.0
A0000656,101527,S002593,2025-07-08 15:44:40,purchase,O000138,25324.52
A0000657,101528,S002594,2025-07-09 19:54:27,click,,0.0
A0000658,101529,S002596,2025-07-15 07:31:56,click,,0.0
A0000659,101532,S002603,2025-07-11 06:37:49,click,,0.0
A0000660,101532,S002603,2025-07-11 06:44:46,purchase,O000139,41573.01
A0000661,101539,S002615,2025-07-08 20:48:59,click,,0.0
A0000662,101539,S002615,2025-07-08 20:55:05,purchase,O000140,31637.94
A0000663,101541,S002617,2025-07-13 21:14:54,click,,0.0
A0000664,101542,S002618,2025-07-03 15:02:30,click,,0.0
A0000665,101543,S002620,2025-07-06 02:29:26,click,,0.0
A0000666,101547,S002628,2025-07-15 09:05:05,click,,0.0
A0000667,101553,S002640,2025-07-07 23:15:20,click,,0.0
A0000668,101553,S002640,2025-07-07 23:23:12,purchase,O000141,36137.61
A0000669,101554,S002641,2025-07-13 08:23:14,click,,0.0
A0000670,101554,S002642,2025-07-13 09:10:49,click,,0.0
A0000671,101558,S002646,2025-07-13 12:13:00,click,,0.0
A0000672,101559,S002648,2025-07-02 12:53:45,click,,0.0
A0000673,101568,S002663,2025-07-01 17:07:20,click,,0.0
A0000674,101573,S002673,2025-07-11 11:23:36,click,,0.0
A0000675,101573,S002673,2025-07-11 11:28:26,purchase,O000142,29872.9
A0000676,101574,S002675,2025-07-07 23:49:38,click,,0.0
A0000677,101578,S002682,2025-07-10 04:06:52,click,,0.0
A0000678,101578,S002682,2025-07-10 04:16:22,purchase,O000143,30061.72
A0000679,101584,S002693,2025-07-13 06:12:22,click,,0.0
A0000680,101589,S002704,2025-07-01 13:01:10,click,,0.0
A0000681,101591,S002709,2025-07-01 17:11:47,click,,0.0
A0000682,101593,S002712,2025-07-13 00:37:17,click,,0.0
A0000683,101595,S002715,2025-07-04 06:26:59,click,,0.0
A0000684,101609,S002731,2025-07-02 12:45:26,click,,0.0
A0000685,101612,S002735,2025-07-11 06:14:20,click,,0.0
A0000686,101615,S002738,2025-07-14 17:20:23,click,,0.0
A0000687,101620,S002750,2025-07-12 13:21:22,click,,0.0
A0000688,101621,S002751,2025-07-07 18:34:35,click,,0.0
A0000689,101621,S002751,2025-07-07 18:39:38,purchase,O000144,20892.88
A0000690,101623,S002754,2025-07-08 03:31:16,click,,0.0
A0000691,101623,S002755,2025-07-08 02:24:14,click,,0.0
A0000692,101627,S002762,2025-07-12 18:15:57,click,,0.0
A0000693,101628,S002764,2025-07-01 22:03:51,click,,0.0
A0000694,101630,S002768,2025-07-02 07:20:37,click,,0.0
A0000695,101638,S002780,2025-07-15 04:56:46,click,,0.0
A0000696,101649,S002795,2025-07-05 22:21:27,click,,0.0
A0000697,101649,S002795,2025-07-05 22:30:17,purchase,O000145,41649.41
A0000698,101650,S002798,2025-07-11 09:51:15,click,,0.0
A0000699,101653,S002802,2025-07-10 09:14:14,click,,0.0
A0000700,101662,S002816,2025-07-10 08:49:20,click,,0.0
A0000701,101667,S002822,2025-07-06 17:58:14,click,,0.0
A0000702,101668,S002825,2025-07-15 10:49:35,click,,0.0
A0000703,101674,S002834,2025-07-02 02:18:18,click,,0.0
A0000704,101677,S002840,2025-07-02 05:26:33,click,,0.0
A0000705,101681,S002847,2025-07-09 17:23:11,click,,0.0
A0000706,101683,S002850,2025-07-13 16:41:35,click,,0.0
A0000707,101684,S002852,2025-07-05 19:00:34,click,,0.0
A0000708,101691,S002861,2025-07-14 15:18:19,click,,0.0
A0000709,101691,S002861,2025-07-14 15:20:23,purchase,O000146,23853.01
A0000710,101696,S002869,2025-07-07 12:13:07,click,,0.0
A0000711,101696,S002869,2025-07-07 12:18:01,purchase,O000147,20577.2
A0000712,101700,S002875,2025-07-13 11:53:15,click,,0.0
A0000713,101700,S002875,2025-07-13 11:56:01,purchase,O000148,15477.6
A0000714,101703,S002879,2025-07-12 20:35:35,click,,0.0
A0000715,101705,S002882,2025-07-15 12:43:26,click,,0.0
A0000716,101705,S002882,2025-07-15 12:44:59,purchase,O000149,14411.57
A0000717,101712,S002894,2025-07-12 15:05:02,click,,0.0
A0000718,101714,S002896,2025-07-09 14:53:10,click,,0.0
A0000719,101714,S002898,2025-07-09 17:47:22,click,,0.0
A0000720,101716,S002901,2025-07-01 21:01:39,click,,0.0
A0000721,101716,S002901,2025-07-01 21:11:24,purchase,O000150,22468.79
A0000722,101720,S002910,2025-07-03 20:57:59,click,,0.0
A0000723,101720,S002910,2025-07-03 21:02:00,purchase,O000151,34947.45
A0000724,101722,S002912,2025-07-14 19:26:20,click,,0.0
A0000725,101729,S002924,2025-07-12 08:01:40,click,,0.0
A0000726,101729,S002924,2025-07-12 08:10:13,purchase,O000152,29710.84
A0000727,101730,S002927,2025-07-04 07:30:50,click,,0.0
A0000728,101738,S002941,2025-07-14 12:06:17,click,,0.0
A0000729,101741,S002947,2025-07-01 15:32:40,click,,0.0
A0000730,101744,S002952,2025-07-14 22:41:05,click,,0.0
A0000731,101744,S002952,2025-07-14 22:48:34,purchase,O000153,44206.1
A0000732,101748,S002959,2025-07-05 02:11:18,click,,0.0
A0000733,101751,S002967,2025-07-03 14:00:34,click,,0.0
A0000734,101752,S002968,2025-07-05 02:45:45,click,,0.0
A0000735,101760,S002980,2025-07-11 14:33:20,click,,0.0
A0000736,101763,S002985,2025-07-06 19:27:24,click,,0.0
A0000737,101765,S002987,2025-07-13 04:05:50,click,,0.0
A0000738,101766,S002990,2025-07-03 15:33:13,click,,0.0
A0000739,101767,S002993,2025-07-08 13:47:46,click,,0.0
A0000740,101769,S002997,2025-07-04 11:21:58,click,,0.0
A0000741,101770,S002998,2025-07-10 08:31:13,click,,0.0
A0000742,101778,S003009,2025-07-09 23:44:07,click,,0.0
A0000743,101779,S003010,2025-07-07 15:40:35,click,,0.0
A0000744,101784,S003020,2025-07-06 19:24:10,click,,0.0
A0000745,101786,S003022,2025-07-04 03:52:02,click,,0.0
A0000746,101787,S003023,2025-07-14 05:45:38,click,,0.0
A0000747,101787,S003024,2025-07-14 01:34:51,click,,0.0
A0000748,101790,S003031,2025-07-13 07:36:16,click,,0.0
A0000749,101790,S003032,2025-07-13 06:45:27,click,,0.0
A0000750,101790,S003032,2025-07-13 06:46:52,purchase,O000154,33723.85
A0000751,101796,S003041,2025-07-15 02:08:11,click,,0.0
A0000752,101809,S003062,2025-07-01 18:52:59,click,,0.0
A0000753,101815,S003072,2025-07-05 04:26:12,click,,0.0
A0000754,101815,S003072,2025-07-05 04:31:34,purchase,O000155,36677.26
A0000755,101820,S003081,2025-07-12 03:38:14,click,,0.0
A0000756,101821,S003084,2025-07-08 20:55:52,click,,0.0
A0000757,101824,S003088,2025-07-03 00:46:31,click,,0.0
A0000758,101825,S003090,2025-07-03 10:28:24,click,,0.0
A0000759,101827,S003094,2025-07-12 10:56:33,click,,0.0
A0000760,101827,S003094,2025-07-12 10:58:30,purchase,O000156,27810.96
A0000761,101829,S003097,2025-07-15 13:59:27,click,,0.0
A0000762,101833,S003105,2025-07-02 05:41:05,click,,0.0
A0000763,101834,S003107,2025-07-09 18:21:05,click,,0.0
A0000764,101834,S003107,2025-07-09 18:27:10,purchase,O000157,24570.56
A0000765,101840,S003114,2025-07-04 23:41:07,click,,0.0
A0000766,101840,S003115,2025-07-05 00:09:08,click,,0.0
A0000767,101840,S003115,2025-07-05 00:10:04,purchase,O000158,17687.58
A0000768,101841,S003117,2025-07-13 09:39:29,click,,0.0
A0000769,101845,S003125,2025-07-08 00:48:46,click,,0.0
A0000770,101847,S003128,2025-07-12 08:50:25,click,,0.0
A0000771,101857,S003145,2025-07-08 03:36:12,click,,0.0
A0000772,101859,S003148,2025-07-02 12:21:36,click,,0.0
A0000773,101861,S003151,2025-07-07 07:30:26,click,,0.0
A0000774,101869,S003163,2025-07-02 05:54:43,click,,0.0
A0000775,101869,S003164,2025-07-01 23:51:49,click,,0.0
A0000776,101873,S003170,2025-07-12 23:56:14,click,,0.0
A0000777,101874,S003172,2025-07-03 05:54:53,click,,0.0
A0000778,101875,S003173,2025-07-09 20:54:22,click,,0.0
A0000779,101875,S003173,2025-07-09 21:04:17,purchase,O000159,28518.36
A0000780,101879,S003180,2025-07-14 04:19:41,click,,0.0
A0000781,101880,S003183,2025-07-10 14:11:56,click,,0.0
A0000782,101880,S003183,2025-07-10 14:20:45,purchase,O000160,28553.96
A0000783,101882,S003185,2025-07-11 12:19:36,click,,0.0
A0000784,101884,S003189,2025-07-02 16:43:06,click,,0.0
A0000785,101884,S003189,2025-07-02 16:45:20,purchase,O000161,48638.68
A0000786,101885,S003190,2025-07-03 18:18:51,click,,0.0
A0000787,101891,S003201,2025-07-12 06:55:26,click,,0.0
A0000788,101892,S003202,2025-07-05 02:54:40,click,,0.0
A0000789,101895,S003207,2025-07-01 12:48:12,click,,0.0
A0000790,101895,S003207,2025-07-01 12:50:05,purchase,O000162,33907.65
A0000791,101898,S003212,2025-07-14 23:36:13,click,,0.0
A0000792,101903,S003219,2025-07-10 12:29:50,click,,0.0
A0000793,101908,S003228,2025-07-12 22:08:59,click,,0.0
A0000794,101912,S003233,2025-07-05 06:33:06,click,,0.0
A0000795,101912,S003234,2025-07-05 00:44:51,click,,0.0
A0000796,101919,S003248,2025-07-11 05:21:09,click,,0.0
A0000797,101924,S003254,2025-07-09 04:24:42,click,,0.0
A0000798,101928,S003263,2025-07-01 20:26:02,click,,0.0
A0000799,101929,S003264,2025-07-05 12:47:11,click,,0.0
A0000800,101929,S003265,2025-07-05 08:06:12,click,,0.0
A0000801,101930,S003266,2025-07-07 10:34:44,click,,0.0
A0000802,101930,S003266,2025-07-07 10:42:42,purchase,O000163,38533.51
A0000803,101931,S003267,2025-07-15 06:36:35,click,,0.0
A0000804,101932,S003270,2025-07-05 15:01:39,click,,0.0
A0000805,101935,S003276,2025-07-02 05:14:50,click,,0.0
A0000806,101937,S003278,2025-07-07 13:12:24,click,,0.0
A0000807,101940,S003283,2025-07-12 17:38:52,click,,0.0
A0000808,101941,S003284,2025-07-14 15:45:28,click,,0.0
A0000809,101941,S003286,2025-07-14 15:42:04,click,,0.0
A0000810,101946,S003293,2025-07-11 19:58:35,click,,0.0
A0000811,101954,S003306,2025-07-03 02:44:34,click,,0.0
A0000812,101960,S003314,2025-07-12 02:10:30,click,,0.0
A0000813,101963,S003320,2025-07-03 04:22:07,click,,0.0
A0000814,101966,S003326,2025-07-15 06:22:41,click,,0.0
A0000815,101970,S003330,2025-07-07 08:57:55,click,,0.0
A0000816,101970,S003330,2025-07-07 09:07:50,purchase,O000164,23050.51
A0000817,101976,S003339,2025-07-07 12:43:29,click,,0.0
A0000818,101981,S003347,2025-07-14 05:01:23,click,,0.0
A0000819,101981,S003348,2025-07-14 01:33:44,click,,0.0
A0000820,101984,S003353,2025-07-08 13:21:04,click,,0.0
A0000821,101986,S003356,2025-07-10 10:37:05,click,,0.0
A0000822,101987,S003358,2025-07-14 04:01:25,click,,0.0
A0000823,101987,S003358,2025-07-14 04:02:58,purchase,O000165,29745.22
A0000824,101988,S003360,2025-07-10 22:20:17,click,,0.0
A0000825,101989,S003362,2025-07-04 14:00:39,click,,0.0
A0000826,101991,S003365,2025-07-06 05:01:15,click,,0.0
A0000827,101998,S003376,2025-07-12 01:07:31,click,,0.0
A0000828,101999,S003377,2025-07-04 17:28:43,click,,0.0
