user_id,signup_date,country,device,age_group,variant
100001,2025-04-13,UK,tablet,45-54,1
100002,2025-06-29,UK,mobile,25-34,1
100003,2025-04-03,ES,mobile,18-24,0
100004,2025-01-15,FR,mobile,45-54,0
100005,2025-04-17,UK,mobile,25-34,1
100006,2025-03-13,FR,desktop,25-34,1
100007,2025-01-21,UK,desktop,18-24,0
100008,2025-04-13,FR,desktop,25-34,0
100009,2025-05-02,UK,mobile,55+,1
100010,2025-03-16,UK,mobile,25-34,1
100011,2025-03-29,UK,mobile,25-34,1
100012,2025-04-27,ES,desktop,35-44,0
100013,2025-04-10,DE,mobile,45-54,1
100014,2025-04-14,UK,mobile,25-34,1
100015,2025-06-01,UK,mobile,25-34,1
100016,2025-05-11,DE,desktop,55+,0
100017,2025-05-30,UK,mobile,35-44,1
100018,2025-02-22,UK,mobile,18-24,0
100019,2025-01-02,ES,mobile,18-24,1
100020,2025-03-29,UK,desktop,25-34,0
100021,2025-06-07,DE,mobile,25-34,1
100022,2025-02-07,ES,tablet,25-34,1
100023,2025-05-10,UK,mobile,45-54,0
100024,2025-01-21,UK,tablet,18-24,1
100025,2025-06-10,UK,desktop,35-44,0
100026,2025-02-27,DE,mobile,25-34,1
100027,2025-01-22,ES,desktop,45-54,1
100028,2025-03-30,DE,mobile,35-44,0
100029,2025-02-18,UK,tablet,18-24,1
100030,2025-02-28,DE,desktop,35-44,0
100031,2025-06-19,ES,mobile,18-24,0
100032,2025-01-15,FR,desktop,45-54,0
100033,2025-06-24,ES,tablet,45-54,1
100034,2025-02-20,DE,mobile,25-34,0
100035,2025-04-18,DE,mobile,25-34,1
100036,2025-02-24,FR,desktop,25-34,0
100037,2025-03-05,UK,desktop,35-44,1
100038,2025-05-11,UK,mobile,25-34,0
100039,2025-02-20,FR,mobile,25-34,1
100040,2025-05-15,UK,mobile,25-34,0
100041,2025-01-21,ES,mobile,18-24,1
100042,2025-03-14,ES,mobile,45-54,1
100043,2025-06-16,DE,tablet,18-24,0
100044,2025-01-18,UK,mobile,35-44,0
100045,2025-05-12,UK,desktop,25-34,1
100046,2025-03-30,UK,mobile,25-34,1
100047,2025-03-01,DE,mobile,35-44,0
100048,2025-01-14,DE,mobile,55+,0
100049,2025-01-09,ES,mobile,45-54,0
100050,2025-03-31,UK,desktop,25-34,1
100051,2025-02-22,ES,desktop,18-24,1
100052,2025-05-10,ES,desktop,45-54,1
100053,2025-03-25,UK,tablet,25-34,0
100054,2025-04-02,ES,desktop,18-24,0
100055,2025-04-21,UK,mobile,45-54,1
100056,2025-06-21,UK,desktop,45-54,0
100057,2025-01-08,FR,desktop,55+,1
100058,2025-06-24,UK,mobile,55+,0
100059,2025-02-04,FR,desktop,45-54,0
100060,2025-03-22,FR,mobile,18-24,1
100061,2025-06-13,FR,mobile,18-24,0
100062,2025-02-19,UK,desktop,35-44,0
100063,2025-04-14,FR,mobile,35-44,0
100064,2025-05-12,FR,mobile,25-34,0
100065,2025-01-02,FR,desktop,25-34,1
100066,2025-05-14,UK,mobile,25-34,0
100067,2025-02-23,UK,mobile,35-44,1
100068,2025-04-16,FR,desktop,18-24,0
100069,2025-01-04,UK,mobile,25-34,1
100070,2025-02-23,FR,mobile,35-44,1
100071,2025-05-26,DE,tablet,35-44,1
100072,2025-02-13,FR,desktop,18-24,1
100073,2025-06-11,FR,mobile,35-44,1
100074,2025-01-14,ES,desktop,35-44,1
100075,2025-04-05,DE,desktop,25-34,1
100076,2025-02-17,ES,mobile,18-24,1
100077,2025-01-15,DE,mobile,25-34,1
100078,2025-02-09,UK,mobile,25-34,0
100079,2025-03-23,UK,desktop,55+,0
100080,2025-04-21,FR,mobile,18-24,1
100081,2025-02-22,UK,mobile,35-44,0
100082,2025-01-24,FR,tablet,18-24,1
100083,2025-06-03,UK,desktop,25-34,1
100084,2025-05-04,FR,mobile,35-44,0
100085,2025-02-10,DE,mobile,25-34,0
100086,2025-06-06,DE,mobile,25-34,1
100087,2025-01-15,FR,mobile,18-24,0
100088,2025-02-14,DE,desktop,25-34,0
100089,2025-03-06,UK,desktop,35-44,1
100090,2025-03-30,ES,mobile,25-34,0
100091,2025-03-12,UK,mobile,45-54,0
100092,2025-01-09,ES,desktop,35-44,1
100093,2025-03-29,DE,mobile,25-34,0
100094,2025-05-09,UK,mobile,18-24,1
100095,2025-05-16,UK,mobile,25-34,1
100096,2025-03-04,FR,mobile,45-54,0
100097,2025-05-19,UK,tablet,25-34,1
100098,2025-03-22,UK,mobile,45-54,0
100099,2025-05-16,FR,mobile,25-34,0
100100,2025-06-12,FR,mobile,45-54,0
100101,2025-06-12,DE,tablet,18-24,0
100102,2025-02-02,ES,mobile,45-54,0
100103,2025-05-03,FR,mobile,25-34,1
100104,2025-01-05,FR,mobile,25-34,0
100105,2025-02-10,UK,mobile,25-34,1
100106,2025-01-28,DE,mobile,25-34,1
100107,2025-05-15,UK,desktop,55+,1
100108,2025-03-13,ES,mobile,25-34,0
100109,2025-01-12,DE,mobile,18-24,1
100110,2025-06-11,FR,desktop,35-44,1
100111,2025-02-02,UK,mobile,25-34,0
100112,2025-02-17,ES,mobile,35-44,0
100113,2025-05-31,DE,mobile,35-44,0
100114,2025-03-03,UK,tablet,25-34,1
100115,2025-02-06,UK,mobile,55+,0
100116,2025-04-09,DE,desktop,25-34,1
100117,2025-06-21,UK,desktop,18-24,0
100118,2025-04-14,ES,mobile,45-54,0
100119,2025-02-04,UK,tablet,35-44,0
100120,2025-04-11,UK,mobile,25-34,0
100121,2025-06-24,DE,mobile,35-44,1
100122,2025-05-11,UK,desktop,25-34,0
100123,2025-01-01,FR,desktop,25-34,0
100124,2025-01-05,UK,mobile,45-54,1
100125,2025-05-22,UK,mobile,18-24,0
100126,2025-04-13,FR,mobile,25-34,0
100127,2025-01-27,FR,desktop,45-54,1
100128,2025-05-17,FR,mobile,55+,0
100129,2025-01-15,DE,mobile,25-34,0
100130,2025-03-31,FR,mobile,35-44,1
100131,2025-02-11,UK,mobile,35-44,0
100132,2025-05-04,UK,desktop,55+,1
100133,2025-06-28,ES,mobile,45-54,0
100134,2025-03-04,DE,tablet,18-24,1
100135,2025-04-06,FR,mobile,25-34,0
100136,2025-02-21,UK,desktop,25-34,1
100137,2025-04-06,UK,mobile,45-54,0
100138,2025-05-12,DE,mobile,35-44,0
100139,2025-05-31,ES,mobile,35-44,1
100140,2025-05-23,DE,mobile,55+,0
100141,2025-06-20,DE,mobile,18-24,0
100142,2025-01-29,DE,tablet,25-34,1
100143,2025-02-05,UK,desktop,25-34,1
100144,2025-01-13,UK,mobile,25-34,1
100145,2025-06-09,UK,mobile,18-24,1
100146,2025-03-12,UK,mobile,18-24,1
100147,2025-03-27,ES,mobile,35-44,1
100148,2025-01-28,FR,desktop,45-54,0
100149,2025-03-07,FR,tablet,35-44,1
100150,2025-06-19,UK,mobile,35-44,0
100151,2025-02-14,UK,mobile,25-34,1
100152,2025-03-03,UK,mobile,45-54,0
100153,2025-05-14,UK,desktop,45-54,0
100154,2025-01-28,FR,mobile,35-44,0
100155,2025-01-28,UK,desktop,25-34,1
100156,2025-04-18,FR,desktop,18-24,0
100157,2025-02-13,UK,mobile,18-24,1
100158,2025-03-25,UK,desktop,35-44,1
100159,2025-01-30,UK,mobile,45-54,1
100160,2025-03-16,FR,desktop,45-54,1
100161,2025-05-08,DE,mobile,25-34,1
100162,2025-04-02,UK,mobile,45-54,1
100163,2025-05-09,UK,desktop,55+,0
100164,2025-05-01,DE,desktop,25-34,0
100165,2025-01-27,UK,desktop,25-34,0
100166,2025-05-01,UK,mobile,55+,1
100167,2025-04-26,DE,desktop,25-34,1
100168,2025-01-03,FR,mobile,55+,1
100169,2025-04-13,UK,desktop,55+,1
100170,2025-06-04,ES,mobile,35-44,0
100171,2025-05-17,DE,tablet,45-54,0
100172,2025-03-03,UK,tablet,45-54,0
100173,2025-06-14,FR,desktop,35-44,1
100174,2025-02-20,FR,mobile,25-34,1
100175,2025-06-21,UK,mobile,18-24,1
100176,2025-06-01,UK,desktop,25-34,1
100177,2025-02-28,UK,mobile,35-44,0
100178,2025-04-28,FR,desktop,18-24,0
100179,2025-06-09,UK,mobile,18-24,1
100180,2025-04-06,DE,mobile,18-24,1
100181,2025-06-29,DE,desktop,35-44,0
100182,2025-04-23,UK,mobile,55+,1
100183,2025-03-03,FR,mobile,55+,1
100184,2025-02-21,UK,mobile,25-34,0
100185,2025-01-12,FR,mobile,45-54,0
100186,2025-02-08,DE,desktop,35-44,1
100187,2025-05-10,UK,mobile,35-44,1
100188,2025-05-11,FR,tablet,35-44,1
100189,2025-04-23,UK,desktop,18-24,1
100190,2025-04-11,UK,mobile,55+,0
100191,2025-04-23,UK,desktop,25-34,1
100192,2025-03-22,UK,mobile,25-34,1
100193,2025-04-23,ES,mobile,35-44,1
100194,2025-01-02,UK,tablet,25-34,1
100195,2025-05-10,UK,mobile,25-34,0
100196,2025-02-23,FR,mobile,35-44,0
100197,2025-03-28,UK,mobile,18-24,1
100198,2025-05-09,ES,mobile,35-44,0
100199,2025-05-27,FR,mobile,35-44,1
100200,2025-05-06,DE,desktop,35-44,1
100201,2025-05-10,UK,desktop,35-44,0
100202,2025-02-22,UK,mobile,35-44,1
100203,2025-06-21,UK,mobile,35-44,0
100204,2025-06-09,DE,mobile,35-44,0
100205,2025-06-09,UK,mobile,45-54,1
100206,2025-03-09,UK,mobile,35-44,0
100207,2025-05-03,ES,mobile,45-54,0
100208,2025-05-25,FR,mobile,25-34,1
100209,2025-02-07,UK,mobile,25-34,1
100210,2025-01-24,UK,mobile,55+,1
100211,2025-03-10,ES,tablet,25-34,0
100212,2025-04-26,UK,tablet,18-24,1
100213,2025-04-08,DE,mobile,35-44,1
100214,2025-05-19,DE,tablet,18-24,0
100215,2025-05-24,UK,desktop,25-34,1
100216,2025-04-07,DE,mobile,55+,0
100217,2025-05-04,UK,mobile,35-44,0
100218,2025-03-11,UK,desktop,25-34,0
100219,2025-04-03,DE,desktop,55+,0
100220,2025-01-03,ES,mobile,55+,1
100221,2025-05-28,FR,desktop,25-34,0
100222,2025-06-13,FR,mobile,25-34,1
100223,2025-05-27,UK,desktop,45-54,1
100224,2025-03-31,UK,tablet,35-44,0
100225,2025-05-27,UK,mobile,35-44,1
100226,2025-05-28,UK,desktop,45-54,0
100227,2025-04-06,UK,mobile,35-44,1
100228,2025-02-21,UK,desktop,25-34,0
100229,2025-06-10,UK,desktop,35-44,1
100230,2025-06-17,UK,mobile,25-34,1
100231,2025-05-08,FR,desktop,45-54,1
100232,2025-02-08,DE,mobile,35-44,1
100233,2025-03-23,UK,desktop,18-24,1
100234,2025-04-14,ES,mobile,35-44,1
100235,2025-05-09,ES,desktop,25-34,0
100236,2025-01-11,UK,mobile,25-34,1
100237,2025-06-27,DE,desktop,35-44,1
100238,2025-05-31,FR,mobile,25-34,1
100239,2025-06-08,FR,desktop,45-54,1
100240,2025-02-11,UK,tablet,18-24,0
100241,2025-04-09,FR,tablet,35-44,1
100242,2025-01-07,UK,desktop,45-54,0
100243,2025-05-24,FR,desktop,35-44,1
100244,2025-03-31,FR,mobile,25-34,0
100245,2025-04-22,DE,mobile,55+,1
100246,2025-03-01,FR,mobile,25-34,1
100247,2025-04-23,DE,desktop,18-24,0
100248,2025-01-02,UK,desktop,25-34,0
100249,2025-05-09,UK,mobile,18-24,0
100250,2025-02-17,DE,tablet,55+,0
100251,2025-05-20,UK,desktop,25-34,1
100252,2025-02-06,UK,mobile,45-54,0
100253,2025-06-09,UK,mobile,45-54,0
100254,2025-01-09,UK,mobile,25-34,1
100255,2025-04-09,ES,mobile,35-44,0
100256,2025-05-27,FR,desktop,18-24,0
100257,2025-02-17,ES,mobile,25-34,0
100258,2025-05-11,FR,mobile,18-24,1
100259,2025-05-28,FR,desktop,55+,1
100260,2025-06-01,UK,desktop,55+,0
100261,2025-02-23,FR,tablet,25-34,0
100262,2025-04-30,UK,mobile,25-34,1
100263,2025-06-10,ES,mobile,45-54,1
100264,2025-06-01,DE,desktop,25-34,0
100265,2025-04-26,UK,mobile,45-54,1
100266,2025-03-16,ES,mobile,35-44,0
100267,2025-04-23,DE,mobile,25-34,0
100268,2025-06-13,DE,mobile,45-54,1
100269,2025-06-15,UK,mobile,25-34,1
100270,2025-04-14,FR,mobile,55+,1
100271,2025-03-25,FR,mobile,55+,0
100272,2025-04-22,UK,mobile,18-24,0
100273,2025-04-09,UK,desktop,18-24,0
100274,2025-06-02,DE,mobile,55+,0
100275,2025-04-03,UK,desktop,55+,1
100276,2025-05-26,FR,mobile,18-24,1
100277,2025-05-08,ES,mobile,45-54,1
100278,2025-04-20,ES,mobile,25-34,0
100279,2025-03-23,UK,mobile,25-34,1
100280,2025-02-23,ES,mobile,45-54,0
100281,2025-06-12,UK,mobile,25-34,1
100282,2025-06-18,UK,desktop,55+,1
100283,2025-06-10,FR,mobile,25-34,1
100284,2025-03-09,UK,mobile,35-44,0
100285,2025-02-02,UK,desktop,25-34,1
100286,2025-05-22,FR,mobile,35-44,0
100287,2025-01-21,UK,mobile,35-44,1
100288,2025-02-17,UK,mobile,25-34,0
100289,2025-05-28,FR,desktop,35-44,1
100290,2025-05-08,DE,mobile,25-34,1
100291,2025-05-16,FR,mobile,18-24,1
100292,2025-05-15,UK,mobile,45-54,1
100293,2025-05-25,UK,desktop,25-34,0
100294,2025-05-08,UK,mobile,35-44,1
100295,2025-02-02,UK,tablet,35-44,0
100296,2025-06-25,DE,mobile,35-44,0
100297,2025-04-25,UK,tablet,18-24,1
100298,2025-04-29,UK,tablet,25-34,0
100299,2025-01-22,DE,mobile,25-34,1
100300,2025-06-07,FR,mobile,35-44,1
100301,2025-02-07,FR,mobile,45-54,1
100302,2025-04-19,UK,mobile,35-44,1
100303,2025-02-20,UK,desktop,18-24,1
100304,2025-01-08,UK,mobile,25-34,1
100305,2025-01-27,UK,mobile,18-24,0
100306,2025-01-27,DE,mobile,18-24,0
100307,2025-01-21,DE,desktop,25-34,1
100308,2025-01-30,DE,mobile,25-34,0
100309,2025-04-07,DE,mobile,25-34,0
100310,2025-01-28,UK,mobile,18-24,1
100311,2025-04-21,DE,desktop,18-24,1
100312,2025-03-02,UK,desktop,18-24,0
100313,2025-02-17,FR,mobile,18-24,1
100314,2025-05-27,FR,mobile,25-34,1
100315,2025-01-04,UK,mobile,35-44,0
100316,2025-02-04,UK,mobile,18-24,1
100317,2025-02-18,ES,tablet,25-34,0
100318,2025-01-17,UK,desktop,25-34,0
100319,2025-06-21,UK,mobile,25-34,0
100320,2025-06-07,UK,desktop,18-24,1
100321,2025-02-15,DE,mobile,25-34,1
100322,2025-04-27,FR,desktop,35-44,1
100323,2025-01-06,DE,desktop,25-34,1
100324,2025-04-09,UK,mobile,18-24,0
100325,2025-05-04,FR,desktop,45-54,1
100326,2025-02-06,UK,mobile,25-34,1
100327,2025-01-24,DE,mobile,25-34,0
100328,2025-04-03,FR,mobile,45-54,1
100329,2025-02-15,UK,mobile,45-54,0
100330,2025-04-05,UK,desktop,25-34,0
100331,2025-04-09,UK,tablet,25-34,1
100332,2025-04-26,UK,mobile,25-34,1
100333,2025-06-09,UK,desktop,18-24,1
100334,2025-06-10,FR,desktop,35-44,1
100335,2025-03-08,FR,mobile,18-24,1
100336,2025-05-08,UK,mobile,25-34,1
100337,2025-01-18,UK,mobile,55+,0
100338,2025-01-25,UK,desktop,55+,0
100339,2025-02-23,ES,tablet,25-34,1
100340,2025-02-27,UK,mobile,35-44,0
100341,2025-03-08,DE,desktop,25-34,0
100342,2025-04-14,DE,desktop,45-54,1
100343,2025-06-23,FR,mobile,25-34,0
100344,2025-01-24,ES,mobile,18-24,0
100345,2025-04-24,UK,mobile,18-24,0
100346,2025-02-01,ES,mobile,25-34,1
100347,2025-06-24,UK,mobile,25-34,1
100348,2025-03-27,UK,mobile,45-54,0
100349,2025-05-31,DE,mobile,35-44,1
100350,2025-05-07,ES,mobile,25-34,0
100351,2025-06-04,DE,desktop,25-34,0
100352,2025-05-10,UK,mobile,18-24,0
100353,2025-01-17,UK,desktop,45-54,1
100354,2025-04-14,ES,mobile,55+,1
100355,2025-06-10,UK,mobile,55+,1
100356,2025-05-17,DE,tablet,45-54,1
100357,2025-02-12,DE,mobile,18-24,1
100358,2025-06-25,FR,mobile,18-24,0
100359,2025-02-08,UK,desktop,35-44,0
100360,2025-06-19,FR,mobile,55+,0
100361,2025-01-26,UK,mobile,18-24,0
100362,2025-04-09,ES,mobile,18-24,0
100363,2025-02-19,FR,mobile,45-54,0
100364,2025-06-02,ES,mobile,18-24,0
100365,2025-06-01,UK,mobile,25-34,0
100366,2025-01-13,ES,desktop,35-44,0
100367,2025-03-01,UK,desktop,25-34,1
100368,2025-05-15,UK,desktop,18-24,0
100369,2025-02-26,UK,mobile,45-54,0
100370,2025-02-05,DE,desktop,35-44,0
100371,2025-06-22,DE,mobile,55+,1
100372,2025-01-20,DE,desktop,25-34,1
100373,2025-03-06,UK,desktop,18-24,1
100374,2025-01-08,UK,desktop,35-44,1
100375,2025-05-24,FR,mobile,35-44,1
100376,2025-05-22,UK,mobile,25-34,0
100377,2025-04-25,FR,mobile,45-54,0
100378,2025-05-23,ES,desktop,25-34,1
100379,2025-04-02,ES,mobile,25-34,0
100380,2025-04-08,ES,desktop,18-24,0
100381,2025-03-07,DE,mobile,25-34,1
100382,2025-02-01,UK,mobile,25-34,1
100383,2025-03-27,UK,mobile,35-44,0
100384,2025-02-20,FR,mobile,35-44,0
100385,2025-06-02,DE,mobile,55+,1
100386,2025-03-04,UK,mobile,18-24,1
100387,2025-05-05,UK,tablet,18-24,0
100388,2025-05-30,UK,mobile,18-24,1
100389,2025-02-27,FR,mobile,18-24,0
100390,2025-02-27,ES,desktop,35-44,1
100391,2025-03-27,DE,desktop,35-44,1
100392,2025-02-18,UK,desktop,45-54,0
100393,2025-06-29,ES,mobile,25-34,0
100394,2025-06-19,DE,desktop,25-34,0
100395,2025-03-11,UK,desktop,25-34,0
100396,2025-01-15,UK,mobile,18-24,1
100397,2025-02-23,UK,mobile,35-44,1
100398,2025-04-11,UK,mobile,55+,1
100399,2025-01-08,ES,mobile,25-34,0
100400,2025-02-22,FR,desktop,45-54,0
100401,2025-03-01,ES,mobile,35-44,1
100402,2025-04-18,UK,desktop,18-24,1
100403,2025-01-05,UK,mobile,35-44,1
100404,2025-04-13,FR,mobile,25-34,0
100405,2025-01-06,UK,mobile,18-24,0
100406,2025-04-19,FR,mobile,35-44,1
100407,2025-04-26,ES,desktop,45-54,1
100408,2025-04-04,FR,desktop,25-34,0
100409,2025-02-16,FR,mobile,25-34,1
100410,2025-04-09,UK,mobile,45-54,1
100411,2025-02-24,UK,mobile,45-54,1
100412,2025-06-17,UK,desktop,35-44,0
100413,2025-02-21,FR,mobile,25-34,1
100414,2025-05-24,UK,mobile,55+,1
100415,2025-01-13,UK,mobile,18-24,1
100416,2025-04-24,FR,tablet,35-44,0
100417,2025-05-04,UK,mobile,18-24,0
100418,2025-04-16,UK,mobile,35-44,0
100419,2025-06-07,UK,desktop,25-34,0
100420,2025-05-27,ES,mobile,25-34,1
100421,2025-05-25,DE,mobile,25-34,0
100422,2025-04-30,FR,tablet,18-24,0
100423,2025-03-04,UK,desktop,35-44,1
100424,2025-01-19,ES,mobile,45-54,0
100425,2025-04-02,DE,mobile,55+,1
100426,2025-02-27,UK,mobile,25-34,0
100427,2025-03-31,ES,desktop,35-44,0
100428,2025-04-27,UK,mobile,35-44,1
100429,2025-03-03,FR,desktop,25-34,1
100430,2025-01-23,FR,desktop,18-24,1
100431,2025-05-07,UK,mobile,35-44,0
100432,2025-05-17,ES,desktop,55+,0
100433,2025-05-20,DE,tablet,35-44,0
100434,2025-05-09,FR,mobile,25-34,1
100435,2025-02-27,UK,mobile,35-44,0
100436,2025-05-02,UK,mobile,25-34,0
100437,2025-01-01,UK,desktop,45-54,0
100438,2025-02-03,DE,tablet,45-54,0
100439,2025-04-06,UK,mobile,18-24,0
100440,2025-05-06,FR,desktop,45-54,1
100441,2025-04-28,DE,mobile,25-34,1
100442,2025-02-17,UK,mobile,55+,0
100443,2025-03-30,DE,mobile,25-34,1
100444,2025-04-27,UK,mobile,18-24,1
100445,2025-05-09,ES,mobile,25-34,1
100446,2025-01-16,FR,mobile,25-34,0
100447,2025-03-10,UK,mobile,18-24,1
100448,2025-01-22,UK,desktop,35-44,0
100449,2025-04-03,UK,mobile,35-44,0
100450,2025-03-17,DE,mobile,35-44,1
100451,2025-06-03,DE,mobile,18-24,0
100452,2025-05-24,FR,desktop,35-44,1
100453,2025-06-28,UK,mobile,18-24,0
100454,2025-03-27,UK,mobile,35-44,0
100455,2025-01-29,UK,tablet,18-24,1
100456,2025-03-10,FR,mobile,55+,1
100457,2025-02-16,ES,mobile,35-44,1
100458,2025-04-04,UK,desktop,35-44,1
100459,2025-05-24,UK,mobile,25-34,1
100460,2025-06-25,FR,mobile,18-24,0
100461,2025-03-26,DE,mobile,25-34,1
100462,2025-02-08,DE,mobile,45-54,0
100463,2025-04-10,ES,mobile,55+,1
100464,2025-02-02,UK,mobile,18-24,0
100465,2025-04-11,UK,mobile,35-44,1
100466,2025-01-23,ES,mobile,35-44,0
100467,2025-01-10,DE,desktop,35-44,0
100468,2025-03-10,UK,mobile,18-24,1
100469,2025-04-10,DE,mobile,25-34,1
100470,2025-02-03,DE,desktop,25-34,0
100471,2025-06-29,FR,desktop,45-54,0
100472,2025-05-18,DE,mobile,25-34,0
100473,2025-05-27,UK,tablet,25-34,1
100474,2025-04-06,FR,mobile,55+,0
100475,2025-01-01,FR,mobile,35-44,1
100476,2025-03-10,DE,desktop,45-54,1
100477,2025-01-04,DE,mobile,25-34,0
100478,2025-01-16,DE,mobile,18-24,0
100479,2025-01-24,UK,mobile,55+,0
100480,2025-03-21,DE,mobile,25-34,1
100481,2025-01-02,DE,mobile,25-34,0
100482,2025-05-08,DE,desktop,25-34,1
100483,2025-06-09,DE,mobile,18-24,0
100484,2025-03-25,DE,desktop,25-34,0
100485,2025-06-01,FR,mobile,45-54,1
100486,2025-05-20,FR,desktop,55+,1
100487,2025-06-27,UK,desktop,55+,0
100488,2025-06-12,UK,desktop,18-24,1
100489,2025-05-04,FR,mobile,25-34,1
100490,2025-02-02,DE,mobile,18-24,0
100491,2025-06-10,UK,mobile,45-54,0
100492,2025-06-28,UK,desktop,25-34,0
100493,2025-06-20,DE,desktop,35-44,1
100494,2025-04-11,UK,mobile,35-44,1
100495,2025-01-12,UK,mobile,25-34,0
100496,2025-03-08,UK,mobile,25-34,1
100497,2025-03-06,UK,mobile,55+,1
100498,2025-06-10,UK,mobile,55+,1
100499,2025-06-17,UK,desktop,25-34,1
100500,2025-03-15,UK,tablet,25-34,1
100501,2025-02-12,ES,mobile,55+,0
100502,2025-02-13,FR,mobile,18-24,0
100503,2025-01-29,DE,mobile,25-34,0
100504,2025-05-21,UK,mobile,18-24,1
100505,2025-01-12,UK,mobile,35-44,1
100506,2025-04-05,DE,mobile,18-24,0
100507,2025-02-15,UK,desktop,25-34,1
100508,2025-05-10,FR,mobile,25-34,0
100509,2025-02-04,FR,mobile,35-44,0
100510,2025-03-22,FR,desktop,55+,0
100511,2025-03-31,UK,desktop,45-54,0
100512,2025-01-08,UK,mobile,45-54,1
100513,2025-04-03,FR,mobile,35-44,0
100514,2025-06-03,UK,mobile,18-24,1
100515,2025-03-31,DE,desktop,25-34,0
100516,2025-06-11,DE,desktop,55+,1
100517,2025-04-25,ES,desktop,25-34,0
100518,2025-04-15,UK,mobile,18-24,0
100519,2025-05-15,DE,desktop,35-44,0
100520,2025-02-27,FR,mobile,25-34,0
100521,2025-04-24,UK,mobile,25-34,0
100522,2025-03-16,UK,mobile,55+,0
100523,2025-06-06,DE,mobile,45-54,0
100524,2025-04-30,UK,mobile,25-34,1
100525,2025-06-13,UK,desktop,55+,1
100526,2025-01-21,UK,tablet,35-44,1
100527,2025-06-13,DE,mobile,45-54,1
100528,2025-05-18,DE,mobile,18-24,1
100529,2025-04-11,DE,mobile,18-24,0
100530,2025-06-01,UK,mobile,35-44,1
100531,2025-06-26,UK,mobile,45-54,0
100532,2025-04-09,FR,tablet,35-44,1
100533,2025-02-05,FR,mobile,18-24,0
100534,2025-04-06,UK,mobile,18-24,1
100535,2025-06-01,DE,mobile,45-54,0
100536,2025-05-31,ES,desktop,18-24,1
100537,2025-02-06,DE,desktop,35-44,0
100538,2025-01-12,DE,tablet,18-24,0
100539,2025-04-23,ES,desktop,18-24,1
100540,2025-01-13,UK,mobile,35-44,0
100541,2025-01-23,FR,mobile,35-44,1
100542,2025-04-09,ES,desktop,25-34,0
100543,2025-04-15,UK,mobile,25-34,1
100544,2025-01-30,DE,mobile,45-54,0
100545,2025-01-17,FR,mobile,25-34,1
100546,2025-04-23,FR,mobile,35-44,0
100547,2025-03-03,DE,mobile,55+,0
100548,2025-03-25,ES,mobile,18-24,1
100549,2025-04-22,DE,desktop,55+,0
100550,2025-03-27,UK,mobile,25-34,0
100551,2025-05-21,ES,mobile,35-44,1
100552,2025-01-19,UK,mobile,25-34,1
100553,2025-06-26,UK,mobile,55+,0
100554,2025-04-10,FR,mobile,25-34,1
100555,2025-05-20,FR,mobile,25-34,1
100556,2025-05-27,UK,mobile,55+,0
100557,2025-03-17,ES,mobile,35-44,0
100558,2025-01-09,DE,mobile,35-44,1
100559,2025-01-28,FR,mobile,25-34,0
100560,2025-05-08,UK,mobile,35-44,1
100561,2025-02-21,ES,mobile,18-24,1
100562,2025-03-24,ES,mobile,18-24,0
100563,2025-04-21,DE,desktop,35-44,0
100564,2025-05-24,UK,mobile,25-34,0
100565,2025-04-27,UK,mobile,55+,0
100566,2025-03-10,UK,mobile,55+,1
100567,2025-04-09,UK,desktop,35-44,0
100568,2025-05-20,UK,desktop,45-54,1
100569,2025-01-25,ES,desktop,35-44,0
100570,2025-06-29,FR,desktop,18-24,1
100571,2025-05-03,UK,mobile,45-54,1
100572,2025-02-22,UK,desktop,25-34,1
100573,2025-05-31,UK,mobile,25-34,0
100574,2025-05-24,UK,mobile,45-54,1
100575,2025-02-26,UK,mobile,35-44,1
100576,2025-02-08,UK,mobile,45-54,1
100577,2025-04-19,DE,desktop,25-34,0
100578,2025-02-11,ES,mobile,35-44,0
100579,2025-06-16,UK,desktop,18-24,0
100580,2025-05-22,UK,mobile,35-44,1
100581,2025-05-02,DE,mobile,45-54,0
100582,2025-05-13,UK,mobile,35-44,0
100583,2025-06-12,UK,mobile,25-34,0
100584,2025-03-16,ES,desktop,18-24,1
100585,2025-05-26,UK,mobile,18-24,0
100586,2025-03-17,FR,mobile,35-44,1
100587,2025-01-09,FR,desktop,55+,1
100588,2025-03-15,UK,mobile,25-34,1
100589,2025-05-25,UK,tablet,35-44,1
100590,2025-01-07,DE,mobile,45-54,0
100591,2025-06-23,UK,mobile,35-44,1
100592,2025-05-21,UK,mobile,35-44,0
100593,2025-06-17,DE,mobile,45-54,0
100594,2025-06-19,FR,mobile,25-34,1
100595,2025-05-17,UK,desktop,25-34,1
100596,2025-06-27,ES,desktop,18-24,1
100597,2025-01-27,UK,desktop,55+,0
100598,2025-05-02,DE,mobile,55+,1
100599,2025-01-05,DE,mobile,45-54,0
100600,2025-01-29,FR,mobile,18-24,0
100601,2025-06-14,FR,mobile,25-34,0
100602,2025-06-15,ES,desktop,18-24,1
100603,2025-03-24,UK,mobile,18-24,1
100604,2025-05-16,DE,mobile,35-44,1
100605,2025-04-19,UK,mobile,55+,0
100606,2025-03-06,UK,tablet,55+,0
100607,2025-03-27,UK,mobile,35-44,1
100608,2025-05-25,ES,mobile,18-24,0
100609,2025-03-12,ES,mobile,25-34,1
100610,2025-02-14,UK,mobile,25-34,1
100611,2025-05-12,UK,mobile,45-54,0
100612,2025-02-05,DE,mobile,45-54,0
100613,2025-03-11,UK,desktop,25-34,1
100614,2025-06-08,UK,mobile,25-34,1
100615,2025-01-19,DE,desktop,18-24,0
100616,2025-04-18,FR,tablet,25-34,1
100617,2025-06-16,ES,desktop,25-34,1
100618,2025-04-01,UK,mobile,18-24,0
100619,2025-03-31,UK,mobile,25-34,1
100620,2025-01-19,FR,mobile,45-54,0
100621,2025-02-08,DE,desktop,35-44,0
100622,2025-05-06,FR,mobile,18-24,1
100623,2025-06-22,FR,desktop,25-34,1
100624,2025-05-21,UK,mobile,25-34,0
100625,2025-05-06,DE,mobile,25-34,0
100626,2025-02-27,UK,mobile,25-34,1
100627,2025-05-28,UK,mobile,35-44,1
100628,2025-03-02,DE,mobile,35-44,0
100629,2025-05-07,UK,mobile,45-54,0
100630,2025-04-15,UK,mobile,25-34,0
100631,2025-06-16,ES,mobile,45-54,1
100632,2025-01-01,FR,mobile,25-34,0
100633,2025-05-11,DE,mobile,18-24,0
100634,2025-04-02,UK,mobile,35-44,0
100635,2025-04-23,DE,desktop,35-44,0
100636,2025-06-02,UK,desktop,55+,1
100637,2025-02-25,UK,desktop,35-44,0
100638,2025-06-10,ES,mobile,55+,1
100639,2025-06-15,DE,mobile,55+,1
100640,2025-04-27,FR,mobile,35-44,1
100641,2025-05-14,UK,mobile,35-44,0
100642,2025-02-27,ES,mobile,35-44,1
100643,2025-02-13,FR,tablet,55+,0
100644,2025-06-22,DE,mobile,45-54,0
100645,2025-06-09,DE,mobile,18-24,0
100646,2025-06-22,UK,desktop,45-54,1
100647,2025-03-02,UK,tablet,18-24,0
100648,2025-02-16,DE,desktop,25-34,1
100649,2025-05-29,UK,mobile,25-34,1
100650,2025-03-21,UK,mobile,35-44,0
100651,2025-04-28,ES,mobile,45-54,1
100652,2025-06-13,FR,mobile,25-34,1
100653,2025-05-27,DE,mobile,18-24,1
100654,2025-01-20,FR,mobile,25-34,0
100655,2025-05-26,FR,tablet,35-44,0
100656,2025-02-16,UK,mobile,25-34,0
100657,2025-02-18,UK,desktop,25-34,1
100658,2025-01-14,UK,desktop,25-34,0
100659,2025-05-23,UK,mobile,25-34,1
100660,2025-06-08,DE,desktop,25-34,1
100661,2025-01-01,UK,mobile,35-44,1
100662,2025-04-27,FR,mobile,18-24,0
100663,2025-02-23,UK,desktop,35-44,0
100664,2025-04-28,UK,mobile,25-34,0
100665,2025-01-03,UK,tablet,25-34,0
100666,2025-05-24,UK,mobile,25-34,1
100667,2025-01-12,UK,mobile,35-44,1
100668,2025-03-15,UK,mobile,55+,0
100669,2025-01-16,UK,mobile,55+,1
100670,2025-04-12,DE,mobile,35-44,1
100671,2025-06-01,UK,desktop,25-34,1
100672,2025-06-05,UK,desktop,45-54,1
100673,2025-04-27,FR,desktop,35-44,1
100674,2025-01-08,UK,mobile,25-34,1
100675,2025-05-02,ES,desktop,45-54,1
100676,2025-04-02,FR,desktop,25-34,0
100677,2025-06-13,UK,desktop,25-34,0
100678,2025-03-31,FR,mobile,25-34,0
100679,2025-05-16,UK,desktop,25-34,1
100680,2025-03-01,FR,desktop,35-44,1
100681,2025-06-27,UK,mobile,25-34,0
100682,2025-01-28,ES,desktop,18-24,0
100683,2025-04-11,UK,mobile,18-24,1
100684,2025-02-10,FR,mobile,35-44,1
100685,2025-06-04,FR,mobile,35-44,1
100686,2025-05-25,UK,mobile,25-34,0
100687,2025-06-10,UK,mobile,18-24,0
100688,2025-06-06,DE,desktop,18-24,0
100689,2025-05-21,DE,mobile,55+,1
100690,2025-02-15,UK,desktop,25-34,0
100691,2025-02-04,DE,desktop,25-34,0
100692,2025-05-14,ES,mobile,18-24,1
100693,2025-03-23,ES,desktop,35-44,0
100694,2025-04-25,UK,tablet,35-44,1
100695,2025-02-16,DE,desktop,25-34,0
100696,2025-06-02,UK,desktop,18-24,1
100697,2025-01-10,ES,tablet,25-34,1
100698,2025-02-25,FR,mobile,45-54,0
100699,2025-01-30,UK,mobile,45-54,0
100700,2025-04-19,DE,desktop,35-44,0
100701,2025-01-05,UK,mobile,35-44,0
100702,2025-04-29,ES,mobile,18-24,0
100703,2025-02-02,ES,mobile,35-44,0
100704,2025-04-28,DE,desktop,35-44,1
100705,2025-03-06,UK,mobile,25-34,1
100706,2025-05-26,DE,tablet,45-54,1
100707,2025-06-26,UK,mobile,25-34,0
100708,2025-01-11,UK,mobile,25-34,0
100709,2025-03-26,DE,mobile,35-44,0
100710,2025-01-26,UK,mobile,35-44,0
100711,2025-03-04,UK,desktop,35-44,1
100712,2025-03-27,ES,desktop,18-24,0
100713,2025-02-28,UK,desktop,45-54,0
100714,2025-01-27,UK,mobile,35-44,0
100715,2025-06-26,ES,mobile,25-34,1
100716,2025-06-10,UK,desktop,55+,0
100717,2025-04-08,DE,tablet,45-54,0
100718,2025-04-15,ES,mobile,18-24,0
100719,2025-04-09,ES,mobile,45-54,0
100720,2025-05-09,DE,mobile,18-24,0
100721,2025-05-29,UK,desktop,18-24,0
100722,2025-02-24,UK,desktop,25-34,0
100723,2025-01-06,DE,mobile,55+,0
100724,2025-04-05,ES,mobile,18-24,0
100725,2025-05-13,FR,desktop,35-44,0
100726,2025-04-12,UK,mobile,18-24,0
100727,2025-01-03,UK,mobile,35-44,0
100728,2025-01-23,UK,mobile,35-44,0
100729,2025-02-22,DE,mobile,35-44,1
100730,2025-06-14,UK,mobile,25-34,0
100731,2025-03-24,ES,desktop,45-54,0
100732,2025-05-25,DE,desktop,55+,1
100733,2025-03-26,UK,desktop,35-44,1
100734,2025-03-19,FR,desktop,25-34,0
100735,2025-04-20,UK,mobile,55+,1
100736,2025-01-01,FR,desktop,18-24,0
100737,2025-02-20,DE,mobile,35-44,0
100738,2025-06-22,DE,desktop,45-54,0
100739,2025-01-04,DE,tablet,18-24,1
100740,2025-04-23,UK,mobile,25-34,1
100741,2025-02-01,UK,mobile,25-34,0
100742,2025-02-03,DE,mobile,35-44,1
100743,2025-04-02,UK,mobile,35-44,0
100744,2025-04-05,UK,mobile,25-34,0
100745,2025-03-13,UK,desktop,25-34,0
100746,2025-02-08,DE,tablet,25-34,0
100747,2025-06-03,UK,mobile,25-34,1
100748,2025-06-11,DE,mobile,18-24,1
100749,2025-04-28,ES,mobile,45-54,1
100750,2025-01-03,UK,desktop,18-24,0
100751,2025-05-03,UK,mobile,45-54,1
100752,2025-02-19,UK,mobile,35-44,0
100753,2025-01-12,ES,mobile,25-34,1
100754,2025-02-23,UK,mobile,35-44,1
100755,2025-05-13,UK,mobile,35-44,0
100756,2025-02-26,UK,desktop,25-34,0
100757,2025-05-25,DE,mobile,18-24,0
100758,2025-04-22,UK,desktop,25-34,1
100759,2025-02-16,DE,mobile,25-34,0
100760,2025-05-31,ES,desktop,18-24,0
100761,2025-03-26,UK,desktop,25-34,1
100762,2025-05-22,DE,mobile,18-24,1
100763,2025-03-07,UK,mobile,25-34,0
100764,2025-03-16,ES,mobile,18-24,0
100765,2025-06-28,DE,desktop,18-24,0
100766,2025-04-13,ES,mobile,25-34,1
100767,2025-06-15,UK,tablet,55+,0
100768,2025-02-07,UK,mobile,18-24,0
100769,2025-02-19,UK,desktop,35-44,1
100770,2025-04-08,UK,desktop,18-24,0
100771,2025-03-23,UK,desktop,55+,0
100772,2025-01-30,UK,mobile,18-24,1
100773,2025-03-20,UK,mobile,55+,0
100774,2025-04-01,UK,desktop,35-44,1
100775,2025-06-28,DE,mobile,18-24,0
100776,2025-02-21,FR,mobile,45-54,1
100777,2025-06-15,UK,mobile,35-44,1
100778,2025-03-20,UK,mobile,25-34,0
100779,2025-01-30,UK,mobile,45-54,1
100780,2025-04-16,ES,mobile,55+,1
100781,2025-02-20,UK,mobile,25-34,1
100782,2025-03-22,DE,desktop,25-34,0
100783,2025-05-13,ES,desktop,45-54,0
100784,2025-01-29,DE,desktop,35-44,0
100785,2025-05-12,DE,tablet,45-54,0
100786,2025-05-18,DE,mobile,35-44,1
100787,2025-05-25,ES,mobile,25-34,1
100788,2025-03-15,FR,mobile,55+,0
100789,2025-01-17,FR,mobile,18-24,1
100790,2025-03-25,FR,tablet,25-34,0
100791,2025-03-10,FR,mobile,35-44,0
100792,2025-02-03,FR,mobile,35-44,1
100793,2025-01-06,UK,mobile,18-24,1
100794,2025-02-22,UK,mobile,45-54,0
100795,2025-05-06,UK,desktop,25-34,0
100796,2025-02-12,UK,mobile,25-34,0
100797,2025-04-25,UK,tablet,45-54,0
100798,2025-04-21,UK,mobile,25-34,1
100799,2025-05-31,FR,mobile,18-24,0
100800,2025-03-21,UK,desktop,18-24,0
100801,2025-04-05,DE,mobile,55+,1
100802,2025-04-28,UK,desktop,18-24,1
100803,2025-05-24,UK,tablet,25-34,0
100804,2025-01-08,DE,desktop,35-44,1
100805,2025-05-12,FR,desktop,25-34,1
100806,2025-04-14,UK,mobile,18-24,0
100807,2025-05-12,ES,tablet,35-44,1
100808,2025-01-25,ES,mobile,25-34,0
100809,2025-04-06,UK,desktop,55+,1
100810,2025-06-04,UK,tablet,18-24,0
100811,2025-04-03,ES,tablet,25-34,1
100812,2025-06-09,FR,desktop,25-34,1
100813,2025-06-27,FR,mobile,25-34,0
100814,2025-03-02,DE,tablet,35-44,1
100815,2025-05-02,UK,desktop,25-34,0
100816,2025-02-20,UK,tablet,25-34,0
100817,2025-05-27,UK,desktop,35-44,0
100818,2025-01-21,DE,mobile,35-44,1
100819,2025-01-05,FR,mobile,25-34,0
100820,2025-04-02,DE,mobile,18-24,1
100821,2025-06-19,UK,desktop,25-34,1
100822,2025-03-02,UK,mobile,18-24,0
100823,2025-01-22,FR,mobile,18-24,1
100824,2025-05-29,DE,mobile,35-44,1
100825,2025-03-11,FR,desktop,45-54,1
100826,2025-01-01,UK,mobile,25-34,0
100827,2025-05-13,ES,mobile,25-34,1
100828,2025-01-12,UK,mobile,18-24,1
100829,2025-03-31,ES,mobile,25-34,1
100830,2025-02-15,UK,mobile,18-24,1
100831,2025-02-03,DE,mobile,55+,0
100832,2025-06-26,UK,mobile,35-44,1
100833,2025-03-19,ES,tablet,55+,1
100834,2025-02-14,FR,desktop,45-54,0
100835,2025-06-04,UK,mobile,25-34,0
100836,2025-03-14,UK,tablet,35-44,0
100837,2025-01-26,UK,mobile,25-34,1
100838,2025-02-16,UK,mobile,25-34,1
100839,2025-05-01,ES,mobile,55+,0
100840,2025-02-25,UK,mobile,18-24,1
100841,2025-04-04,DE,mobile,45-54,0
100842,2025-04-17,FR,mobile,25-34,1
100843,2025-03-04,DE,mobile,45-54,0
100844,2025-02-17,UK,desktop,55+,1
100845,2025-03-02,UK,mobile,35-44,1
100846,2025-03-22,DE,mobile,35-44,0
100847,2025-01-26,ES,mobile,25-34,0
100848,2025-02-05,UK,mobile,45-54,1
100849,2025-01-01,UK,mobile,55+,1
100850,2025-01-08,FR,mobile,45-54,0
100851,2025-04-23,ES,desktop,35-44,0
100852,2025-04-09,UK,mobile,35-44,1
100853,2025-06-29,UK,mobile,45-54,1
100854,2025-02-16,ES,desktop,35-44,0
100855,2025-05-07,UK,mobile,45-54,0
100856,2025-02-25,UK,mobile,35-44,0
100857,2025-01-14,FR,desktop,18-24,0
100858,2025-01-28,ES,mobile,25-34,0
100859,2025-03-19,UK,mobile,25-34,0
100860,2025-05-10,FR,mobile,18-24,0
100861,2025-04-19,FR,mobile,18-24,0
100862,2025-06-03,FR,mobile,35-44,0
100863,2025-01-14,FR,mobile,18-24,0
100864,2025-02-25,FR,mobile,25-34,0
100865,2025-04-25,UK,mobile,45-54,0
100866,2025-01-07,FR,desktop,55+,1
100867,2025-01-03,FR,mobile,35-44,0
100868,2025-04-21,FR,mobile,55+,0
100869,2025-05-31,ES,mobile,35-44,1
100870,2025-04-17,UK,desktop,25-34,1
100871,2025-01-18,DE,mobile,35-44,0
100872,2025-02-07,DE,desktop,35-44,0
100873,2025-04-25,UK,mobile,25-34,1
100874,2025-01-15,FR,mobile,18-24,0
100875,2025-04-29,UK,mobile,35-44,1
100876,2025-01-28,UK,mobile,18-24,1
100877,2025-02-08,UK,mobile,35-44,1
100878,2025-01-17,UK,mobile,18-24,1
100879,2025-03-27,UK,mobile,35-44,0
100880,2025-05-06,DE,mobile,35-44,1
100881,2025-02-13,UK,desktop,18-24,1
100882,2025-01-25,DE,desktop,25-34,1
100883,2025-05-25,FR,mobile,35-44,1
100884,2025-01-13,ES,mobile,45-54,1
100885,2025-01-25,FR,mobile,45-54,1
100886,2025-03-09,UK,desktop,25-34,1
100887,2025-05-18,DE,mobile,35-44,0
100888,2025-03-08,UK,tablet,25-34,1
100889,2025-04-19,FR,mobile,25-34,1
100890,2025-05-26,ES,mobile,25-34,1
100891,2025-04-21,UK,mobile,35-44,0
100892,2025-04-21,UK,desktop,25-34,1
100893,2025-02-03,DE,mobile,18-24,1
100894,2025-04-21,ES,mobile,35-44,1
100895,2025-01-08,DE,tablet,35-44,1
100896,2025-06-17,UK,mobile,25-34,0
100897,2025-04-23,DE,desktop,18-24,1
100898,2025-03-24,UK,mobile,25-34,0
100899,2025-02-11,DE,desktop,25-34,1
100900,2025-06-18,ES,mobile,35-44,1
100901,2025-04-11,DE,mobile,25-34,1
100902,2025-01-06,ES,desktop,35-44,1
100903,2025-06-29,UK,mobile,45-54,1
100904,2025-01-26,DE,mobile,25-34,1
100905,2025-03-05,DE,mobile,55+,1
100906,2025-02-28,UK,mobile,25-34,1
100907,2025-04-19,ES,mobile,25-34,0
100908,2025-05-01,UK,mobile,25-34,1
100909,2025-02-02,DE,mobile,18-24,1
100910,2025-05-30,DE,mobile,18-24,0
100911,2025-01-21,DE,mobile,25-34,0
100912,2025-03-11,UK,mobile,45-54,0
100913,2025-04-22,FR,desktop,55+,1
100914,2025-01-04,FR,desktop,35-44,0
100915,2025-04-04,ES,desktop,18-24,1
100916,2025-03-16,UK,mobile,35-44,0
100917,2025-03-03,UK,mobile,35-44,1
100918,2025-04-04,DE,mobile,45-54,0
100919,2025-04-05,UK,mobile,45-54,0
100920,2025-06-01,FR,mobile,45-54,0
100921,2025-02-24,FR,mobile,25-34,0
100922,2025-05-17,ES,mobile,35-44,1
100923,2025-05-11,FR,tablet,25-34,0
100924,2025-01-31,FR,mobile,55+,0
100925,2025-02-09,UK,mobile,18-24,1
100926,2025-02-05,UK,mobile,18-24,1
100927,2025-06-01,UK,mobile,18-24,0
100928,2025-01-06,UK,desktop,45-54,1
100929,2025-03-07,FR,mobile,25-34,1
100930,2025-03-16,DE,mobile,25-34,0
100931,2025-01-04,FR,mobile,55+,1
100932,2025-03-20,DE,mobile,55+,0
100933,2025-05-14,ES,mobile,25-34,1
100934,2025-04-28,DE,desktop,25-34,0
100935,2025-04-23,DE,desktop,45-54,0
100936,2025-04-04,FR,desktop,55+,1
100937,2025-06-28,UK,mobile,35-44,1
100938,2025-03-03,UK,desktop,35-44,1
100939,2025-03-20,UK,mobile,25-34,0
100940,2025-05-16,ES,mobile,45-54,0
100941,2025-01-26,DE,desktop,35-44,0
100942,2025-06-28,UK,mobile,35-44,1
100943,2025-06-22,FR,mobile,18-24,0
100944,2025-02-13,DE,desktop,55+,0
100945,2025-05-13,UK,mobile,35-44,0
100946,2025-03-11,UK,mobile,25-34,1
100947,2025-06-03,ES,mobile,35-44,0
100948,2025-04-28,UK,desktop,35-44,0
100949,2025-03-09,UK,tablet,35-44,1
100950,2025-01-19,FR,desktop,35-44,1
100951,2025-01-20,ES,mobile,35-44,0
100952,2025-04-23,FR,mobile,55+,1
100953,2025-05-20,UK,mobile,18-24,0
100954,2025-02-16,UK,mobile,18-24,1
100955,2025-01-01,FR,mobile,18-24,1
100956,2025-03-31,FR,mobile,35-44,1
100957,2025-05-22,DE,mobile,35-44,1
100958,2025-03-05,UK,tablet,45-54,1
100959,2025-02-07,ES,mobile,35-44,1
100960,2025-02-06,UK,mobile,35-44,1
100961,2025-05-06,UK,mobile,55+,1
100962,2025-05-19,UK,desktop,25-34,1
100963,2025-04-10,UK,desktop,45-54,0
100964,2025-03-18,FR,desktop,25-34,0
100965,2025-01-03,FR,desktop,35-44,0
100966,2025-06-10,UK,mobile,35-44,1
100967,2025-05-14,FR,mobile,35-44,0
100968,2025-06-27,UK,mobile,18-24,1
100969,2025-01-10,DE,mobile,25-34,1
100970,2025-01-05,ES,mobile,35-44,0
100971,2025-05-31,UK,mobile,45-54,0
100972,2025-05-18,FR,tablet,25-34,0
100973,2025-06-21,UK,tablet,55+,0
100974,2025-05-10,UK,desktop,25-34,0
100975,2025-01-13,UK,desktop,35-44,0
100976,2025-06-17,DE,desktop,45-54,1
100977,2025-05-10,FR,mobile,35-44,0
100978,2025-03-25,UK,mobile,55+,0
100979,2025-03-06,DE,desktop,35-44,1
100980,2025-03-04,FR,desktop,35-44,0
100981,2025-04-11,DE,mobile,18-24,0
100982,2025-03-14,FR,tablet,25-34,1
100983,2025-01-17,FR,mobile,25-34,0
100984,2025-01-09,UK,mobile,45-54,1
100985,2025-05-23,UK,desktop,25-34,1
100986,2025-06-01,ES,mobile,25-34,1
100987,2025-02-07,UK,mobile,25-34,1
100988,2025-06-12,ES,mobile,18-24,1
100989,2025-04-04,FR,desktop,25-34,0
100990,2025-04-05,UK,mobile,45-54,0
100991,2025-02-18,UK,desktop,45-54,0
100992,2025-03-10,UK,mobile,35-44,0
100993,2025-03-03,ES,mobile,45-54,1
100994,2025-06-27,UK,tablet,25-34,1
100995,2025-03-19,UK,mobile,45-54,0
100996,2025-04-27,UK,tablet,18-24,1
100997,2025-04-30,UK,mobile,25-34,0
100998,2025-05-17,FR,tablet,35-44,1
100999,2025-06-11,UK,mobile,18-24,0
101000,2025-03-17,DE,mobile,35-44,1
101001,2025-02-04,UK,mobile,25-34,0
101002,2025-01-01,UK,mobile,45-54,1
101003,2025-02-09,FR,mobile,25-34,1
101004,2025-03-05,UK,mobile,25-34,1
101005,2025-05-30,ES,mobile,35-44,1
101006,2025-03-01,FR,mobile,25-34,1
101007,2025-03-05,UK,mobile,25-34,0
101008,2025-04-03,FR,desktop,18-24,1
101009,2025-03-13,UK,mobile,35-44,0
101010,2025-01-11,UK,desktop,35-44,1
101011,2025-04-15,ES,desktop,25-34,1
101012,2025-01-14,DE,desktop,55+,1
101013,2025-03-01,ES,mobile,45-54,1
101014,2025-01-30,FR,desktop,35-44,0
101015,2025-02-04,FR,tablet,35-44,1
101016,2025-06-14,UK,desktop,25-34,1
101017,2025-01-05,UK,mobile,35-44,0
101018,2025-03-24,DE,desktop,25-34,0
101019,2025-05-03,UK,desktop,18-24,0
101020,2025-03-19,DE,mobile,55+,1
101021,2025-06-03,DE,mobile,35-44,0
101022,2025-03-03,UK,mobile,25-34,0
101023,2025-05-12,FR,desktop,25-34,0
101024,2025-03-30,DE,mobile,35-44,1
101025,2025-02-11,UK,desktop,18-24,0
101026,2025-03-30,DE,mobile,18-24,0
101027,2025-05-26,FR,mobile,18-24,1
101028,2025-02-09,UK,mobile,25-34,0
101029,2025-03-13,FR,mobile,35-44,1
101030,2025-02-08,ES,tablet,18-24,1
101031,2025-04-14,UK,desktop,35-44,0
101032,2025-01-14,DE,desktop,25-34,0
101033,2025-02-01,UK,mobile,35-44,0
101034,2025-06-28,DE,desktop,55+,1
101035,2025-05-05,DE,mobile,35-44,1
101036,2025-06-15,UK,mobile,45-54,1
101037,2025-04-07,UK,mobile,55+,0
101038,2025-01-23,DE,desktop,25-34,0
101039,2025-03-04,FR,desktop,35-44,1
101040,2025-05-23,DE,tablet,45-54,0
101041,2025-06-02,UK,mobile,25-34,0
101042,2025-05-25,ES,desktop,25-34,1
101043,2025-02-22,DE,mobile,55+,0
101044,2025-04-14,ES,mobile,35-44,1
101045,2025-04-14,UK,mobile,25-34,0
101046,2025-06-28,FR,mobile,25-34,0
101047,2025-02-08,FR,mobile,45-54,0
101048,2025-06-28,UK,mobile,35-44,1
101049,2025-05-14,FR,desktop,35-44,0
101050,2025-03-08,UK,desktop,45-54,0
101051,2025-05-15,DE,mobile,35-44,1
101052,2025-06-28,FR,tablet,35-44,1
101053,2025-02-11,UK,mobile,45-54,1
101054,2025-01-15,DE,mobile,35-44,0
101055,2025-04-21,FR,desktop,35-44,0
101056,2025-06-06,UK,mobile,25-34,0
101057,2025-02-02,ES,mobile,25-34,1
101058,2025-06-04,ES,mobile,55+,1
101059,2025-06-13,FR,mobile,18-24,0
101060,2025-06-06,UK,desktop,25-34,0
101061,2025-02-07,DE,mobile,25-34,0
101062,2025-04-07,FR,mobile,45-54,0
101063,2025-06-04,UK,mobile,18-24,0
101064,2025-02-02,FR,desktop,25-34,1
101065,2025-03-27,FR,mobile,18-24,1
101066,2025-03-07,FR,desktop,35-44,1
101067,2025-01-10,UK,mobile,25-34,0
101068,2025-01-05,FR,mobile,25-34,0
101069,2025-05-03,ES,mobile,25-34,1
101070,2025-03-15,UK,mobile,45-54,1
101071,2025-04-07,DE,mobile,25-34,1
101072,2025-04-28,ES,mobile,18-24,0
101073,2025-02-07,FR,desktop,35-44,1
101074,2025-05-21,UK,mobile,55+,0
101075,2025-06-08,FR,desktop,35-44,1
101076,2025-02-16,FR,mobile,55+,1
101077,2025-04-19,DE,mobile,45-54,0
101078,2025-06-29,FR,mobile,18-24,0
101079,2025-01-15,ES,desktop,35-44,1
101080,2025-06-06,UK,mobile,25-34,1
101081,2025-05-16,UK,mobile,35-44,1
101082,2025-01-05,FR,mobile,25-34,1
101083,2025-06-06,UK,mobile,25-34,1
101084,2025-02-16,UK,mobile,55+,1
101085,2025-03-09,UK,mobile,25-34,0
101086,2025-03-17,UK,mobile,45-54,0
101087,2025-06-22,UK,mobile,18-24,0
101088,2025-05-10,ES,desktop,18-24,1
101089,2025-06-04,UK,mobile,45-54,0
101090,2025-04-05,DE,mobile,35-44,1
101091,2025-04-25,DE,mobile,45-54,1
101092,2025-06-13,ES,desktop,25-34,1
101093,2025-02-05,UK,mobile,35-44,0
101094,2025-01-26,ES,mobile,35-44,1
101095,2025-02-12,FR,mobile,35-44,0
101096,2025-01-27,FR,mobile,25-34,1
101097,2025-03-10,FR,mobile,55+,1
101098,2025-05-28,DE,desktop,35-44,0
101099,2025-01-11,UK,desktop,55+,1
101100,2025-03-15,DE,mobile,35-44,0
101101,2025-04-14,FR,mobile,35-44,0
101102,2025-02-07,DE,mobile,18-24,0
101103,2025-05-14,ES,mobile,25-34,0
101104,2025-01-23,UK,mobile,45-54,1
101105,2025-02-16,ES,mobile,25-34,0
101106,2025-03-31,UK,desktop,18-24,0
101107,2025-02-15,UK,mobile,25-34,0
101108,2025-04-17,UK,mobile,25-34,0
101109,2025-05-20,UK,mobile,55+,1
101110,2025-05-21,FR,mobile,45-54,0
101111,2025-04-14,UK,mobile,25-34,0
101112,2025-04-21,UK,desktop,18-24,1
101113,2025-04-14,ES,mobile,35-44,0
101114,2025-03-01,DE,desktop,35-44,1
101115,2025-06-20,DE,desktop,55+,1
101116,2025-04-10,ES,desktop,35-44,1
101117,2025-03-09,DE,mobile,25-34,1
101118,2025-05-13,UK,mobile,35-44,1
101119,2025-04-30,UK,mobile,55+,0
101120,2025-02-06,DE,mobile,35-44,1
101121,2025-03-13,UK,mobile,35-44,0
101122,2025-05-07,DE,desktop,25-34,1
101123,2025-04-16,UK,mobile,45-54,1
101124,2025-04-02,UK,mobile,45-54,0
101125,2025-01-31,FR,mobile,25-34,1
101126,2025-05-02,FR,mobile,25-34,1
101127,2025-05-17,FR,mobile,25-34,0
101128,2025-02-20,DE,desktop,25-34,1
101129,2025-01-29,UK,desktop,18-24,1
101130,2025-02-09,UK,desktop,25-34,0
101131,2025-02-10,ES,desktop,35-44,0
101132,2025-01-11,DE,desktop,18-24,0
101133,2025-05-31,UK,mobile,25-34,0
101134,2025-01-01,DE,desktop,45-54,1
101135,2025-02-15,UK,mobile,35-44,0
101136,2025-04-11,FR,mobile,35-44,1
101137,2025-05-29,UK,desktop,25-34,0
101138,2025-03-31,DE,mobile,35-44,1
101139,2025-04-20,DE,mobile,25-34,0
101140,2025-06-13,UK,mobile,45-54,0
101141,2025-02-26,ES,mobile,18-24,1
101142,2025-01-01,UK,desktop,35-44,0
101143,2025-03-04,UK,mobile,25-34,0
101144,2025-02-24,UK,mobile,45-54,1
101145,2025-04-25,UK,mobile,35-44,1
101146,2025-06-17,UK,mobile,25-34,0
101147,2025-05-23,FR,desktop,18-24,1
101148,2025-05-29,DE,mobile,35-44,0
101149,2025-06-24,FR,mobile,55+,0
101150,2025-02-22,UK,desktop,45-54,1
101151,2025-05-17,UK,tablet,18-24,1
101152,2025-06-29,UK,desktop,25-34,0
101153,2025-02-26,UK,desktop,55+,1
101154,2025-04-27,DE,mobile,35-44,0
101155,2025-06-03,UK,mobile,35-44,1
101156,2025-06-18,DE,mobile,55+,1
101157,2025-02-04,ES,desktop,45-54,0
101158,2025-03-04,FR,mobile,35-44,0
101159,2025-01-25,DE,mobile,25-34,1
101160,2025-03-31,FR,mobile,25-34,1
101161,2025-03-16,FR,mobile,35-44,0
101162,2025-02-07,FR,mobile,25-34,1
101163,2025-05-10,FR,tablet,25-34,1
101164,2025-05-15,UK,mobile,25-34,1
101165,2025-06-11,UK,desktop,18-24,1
101166,2025-04-01,UK,desktop,35-44,1
101167,2025-01-17,FR,mobile,35-44,1
101168,2025-05-08,UK,mobile,25-34,1
101169,2025-06-20,ES,mobile,25-34,0
101170,2025-04-18,DE,mobile,55+,1
101171,2025-06-28,UK,desktop,18-24,0
101172,2025-06-01,UK,mobile,45-54,0
101173,2025-01-25,ES,mobile,55+,1
101174,2025-06-29,DE,mobile,25-34,1
101175,2025-03-29,DE,tablet,35-44,1
101176,2025-06-10,UK,desktop,55+,1
101177,2025-06-26,UK,desktop,25-34,0
101178,2025-01-29,UK,desktop,35-44,1
101179,2025-03-04,UK,mobile,25-34,1
101180,2025-05-30,DE,desktop,25-34,0
101181,2025-06-03,DE,mobile,45-54,1
101182,2025-06-05,FR,desktop,45-54,1
101183,2025-04-24,ES,desktop,45-54,0
101184,2025-02-18,FR,mobile,25-34,1
101185,2025-03-22,FR,desktop,18-24,1
101186,2025-03-25,UK,desktop,35-44,1
101187,2025-04-15,ES,mobile,18-24,1
101188,2025-06-26,UK,desktop,35-44,0
101189,2025-05-28,ES,mobile,35-44,1
101190,2025-04-28,DE,mobile,35-44,1
101191,2025-03-27,UK,mobile,35-44,0
101192,2025-03-04,FR,mobile,25-34,0
101193,2025-04-14,ES,tablet,25-34,0
101194,2025-02-18,FR,desktop,25-34,1
101195,2025-03-12,ES,desktop,35-44,1
101196,2025-01-01,ES,mobile,35-44,1
101197,2025-05-21,UK,desktop,45-54,0
101198,2025-06-28,UK,mobile,45-54,1
101199,2025-05-03,ES,desktop,55+,0
101200,2025-03-03,DE,mobile,25-34,1
101201,2025-02-01,UK,mobile,18-24,0
101202,2025-06-07,UK,desktop,25-34,1
101203,2025-01-29,FR,mobile,45-54,1
101204,2025-02-18,ES,mobile,25-34,0
101205,2025-06-22,DE,mobile,45-54,0
101206,2025-01-30,DE,mobile,35-44,1
101207,2025-05-24,UK,mobile,55+,0
101208,2025-06-17,UK,mobile,55+,1
101209,2025-01-19,ES,mobile,18-24,1
101210,2025-01-18,UK,mobile,25-34,1
101211,2025-01-01,UK,desktop,35-44,0
101212,2025-03-19,UK,mobile,25-34,0
101213,2025-04-25,DE,tablet,25-34,0
101214,2025-06-24,ES,desktop,35-44,1
101215,2025-04-23,UK,mobile,25-34,0
101216,2025-04-24,FR,desktop,35-44,0
101217,2025-06-15,FR,desktop,35-44,0
101218,2025-06-28,ES,tablet,18-24,0
101219,2025-03-04,UK,mobile,25-34,0
101220,2025-05-12,FR,mobile,25-34,0
101221,2025-05-09,UK,desktop,35-44,0
101222,2025-01-08,ES,desktop,25-34,1
101223,2025-06-06,FR,desktop,45-54,1
101224,2025-02-24,UK,mobile,25-34,1
101225,2025-04-13,FR,desktop,25-34,1
101226,2025-05-11,DE,tablet,25-34,1
101227,2025-02-01,UK,mobile,25-34,1
101228,2025-01-10,ES,mobile,25-34,1
101229,2025-04-20,UK,mobile,35-44,0
101230,2025-06-11,FR,desktop,35-44,1
101231,2025-05-04,UK,desktop,18-24,0
101232,2025-03-28,DE,desktop,18-24,0
101233,2025-02-24,UK,mobile,35-44,1
101234,2025-02-01,ES,mobile,35-44,0
101235,2025-06-27,DE,mobile,25-34,1
101236,2025-05-15,FR,mobile,45-54,1
101237,2025-04-03,DE,desktop,25-34,1
101238,2025-01-08,DE,tablet,45-54,0
101239,2025-03-06,UK,tablet,25-34,0
101240,2025-02-26,UK,tablet,18-24,0
101241,2025-03-08,ES,mobile,55+,0
101242,2025-03-13,UK,mobile,25-34,0
101243,2025-02-23,DE,desktop,45-54,1
101244,2025-03-08,ES,tablet,25-34,0
101245,2025-02-20,UK,mobile,35-44,1
101246,2025-04-07,DE,mobile,45-54,1
101247,2025-04-02,FR,mobile,18-24,0
101248,2025-01-08,FR,mobile,45-54,1
101249,2025-06-11,UK,mobile,35-44,0
101250,2025-02-04,UK,mobile,35-44,0
101251,2025-04-06,DE,mobile,35-44,1
101252,2025-03-29,DE,mobile,45-54,0
101253,2025-03-19,DE,desktop,18-24,0
101254,2025-02-01,FR,mobile,25-34,0
101255,2025-04-30,UK,desktop,45-54,1
101256,2025-02-15,DE,desktop,45-54,1
101257,2025-05-24,UK,desktop,18-24,0
101258,2025-06-14,ES,mobile,35-44,1
101259,2025-05-22,DE,tablet,35-44,0
101260,2025-02-24,DE,mobile,25-34,1
101261,2025-06-25,ES,tablet,25-34,1
101262,2025-01-07,UK,desktop,35-44,0
101263,2025-03-15,DE,mobile,25-34,0
101264,2025-01-07,UK,mobile,45-54,0
101265,2025-06-10,ES,mobile,45-54,1
101266,2025-05-31,UK,mobile,25-34,1
101267,2025-03-26,DE,mobile,25-34,1
101268,2025-05-27,ES,mobile,25-34,1
101269,2025-04-22,UK,mobile,25-34,0
101270,2025-05-05,UK,mobile,35-44,0
101271,2025-05-27,DE,mobile,25-34,1
101272,2025-02-05,FR,mobile,35-44,1
101273,2025-01-29,UK,mobile,25-34,0
101274,2025-03-23,UK,mobile,25-34,1
101275,2025-01-02,UK,mobile,18-24,0
101276,2025-05-09,ES,mobile,18-24,1
101277,2025-02-16,FR,desktop,25-34,1
101278,2025-05-28,UK,mobile,25-34,1
101279,2025-01-11,UK,mobile,45-54,1
101280,2025-05-10,UK,mobile,45-54,0
101281,2025-04-29,UK,desktop,25-34,1
101282,2025-05-20,UK,desktop,25-34,0
101283,2025-01-20,UK,desktop,25-34,1
101284,2025-01-05,UK,desktop,25-34,0
101285,2025-02-06,DE,mobile,25-34,0
101286,2025-06-15,UK,mobile,25-34,1
101287,2025-05-17,FR,mobile,25-34,1
101288,2025-02-22,FR,tablet,18-24,0
101289,2025-06-21,FR,desktop,18-24,1
101290,2025-04-09,DE,desktop,18-24,1
101291,2025-03-27,FR,mobile,35-44,1
101292,2025-04-18,ES,desktop,25-34,0
101293,2025-01-24,DE,mobile,25-34,0
101294,2025-03-22,FR,mobile,35-44,0
101295,2025-06-07,DE,mobile,45-54,1
101296,2025-04-30,FR,mobile,45-54,1
101297,2025-02-28,UK,mobile,45-54,1
101298,2025-05-08,UK,desktop,18-24,1
101299,2025-04-24,UK,mobile,35-44,0
101300,2025-04-25,ES,mobile,45-54,0
101301,2025-01-14,DE,mobile,18-24,0
101302,2025-01-09,ES,mobile,35-44,1
101303,2025-02-09,FR,desktop,45-54,0
101304,2025-01-25,FR,desktop,25-34,0
101305,2025-04-13,UK,desktop,18-24,1
101306,2025-01-22,DE,desktop,18-24,0
101307,2025-01-04,FR,desktop,25-34,0
101308,2025-06-03,ES,mobile,18-24,0
101309,2025-01-29,UK,desktop,35-44,0
101310,2025-04-19,FR,mobile,35-44,1
101311,2025-04-08,DE,mobile,18-24,0
101312,2025-02-06,FR,mobile,45-54,0
101313,2025-03-16,FR,desktop,25-34,0
101314,2025-03-11,DE,desktop,18-24,1
101315,2025-05-26,UK,mobile,45-54,1
101316,2025-05-08,DE,desktop,45-54,0
101317,2025-03-26,FR,desktop,35-44,0
101318,2025-02-11,ES,mobile,45-54,0
101319,2025-04-10,DE,mobile,35-44,1
101320,2025-02-10,UK,desktop,45-54,0
101321,2025-06-15,UK,mobile,25-34,0
101322,2025-02-03,ES,desktop,45-54,0
101323,2025-01-17,FR,mobile,55+,1
101324,2025-06-14,ES,mobile,35-44,0
101325,2025-06-02,UK,desktop,18-24,1
101326,2025-05-02,FR,desktop,35-44,1
101327,2025-03-17,DE,desktop,35-44,0
101328,2025-03-28,ES,desktop,18-24,1
101329,2025-04-27,UK,desktop,55+,0
101330,2025-04-16,DE,desktop,18-24,1
101331,2025-03-27,FR,mobile,18-24,1
101332,2025-01-27,UK,mobile,55+,0
101333,2025-02-26,DE,mobile,25-34,0
101334,2025-01-31,DE,desktop,18-24,1
101335,2025-05-14,ES,mobile,35-44,1
101336,2025-06-17,FR,mobile,35-44,1
101337,2025-04-08,UK,mobile,18-24,1
101338,2025-01-12,UK,desktop,55+,1
101339,2025-02-22,UK,desktop,35-44,0
101340,2025-05-18,UK,mobile,35-44,1
101341,2025-06-22,DE,desktop,35-44,0
101342,2025-05-25,UK,mobile,35-44,0
101343,2025-06-03,ES,mobile,25-34,1
101344,2025-05-02,ES,desktop,25-34,0
101345,2025-02-15,FR,mobile,35-44,1
101346,2025-03-05,ES,tablet,45-54,1
101347,2025-05-10,DE,mobile,18-24,1
101348,2025-02-23,FR,mobile,35-44,0
101349,2025-04-17,UK,desktop,45-54,0
101350,2025-02-20,FR,mobile,18-24,1
101351,2025-02-05,FR,tablet,18-24,0
101352,2025-04-25,ES,tablet,25-34,1
101353,2025-01-26,FR,mobile,35-44,1
101354,2025-01-29,ES,mobile,18-24,1
101355,2025-05-29,DE,mobile,25-34,1
101356,2025-01-11,UK,mobile,35-44,1
101357,2025-02-09,ES,mobile,35-44,1
101358,2025-01-11,FR,mobile,25-34,1
101359,2025-06-13,UK,mobile,25-34,1
101360,2025-04-23,DE,mobile,45-54,1
101361,2025-02-08,UK,tablet,55+,0
101362,2025-02-23,FR,desktop,45-54,0
101363,2025-04-08,FR,desktop,35-44,0
101364,2025-02-24,UK,mobile,25-34,0
101365,2025-04-21,ES,desktop,25-34,0
101366,2025-06-01,FR,mobile,18-24,1
101367,2025-05-30,UK,desktop,18-24,0
101368,2025-03-10,FR,tablet,35-44,0
101369,2025-02-25,ES,mobile,25-34,1
101370,2025-02-02,UK,desktop,25-34,0
101371,2025-02-05,UK,desktop,55+,0
101372,2025-05-28,UK,desktop,25-34,1
101373,2025-03-22,UK,desktop,18-24,1
101374,2025-04-19,DE,mobile,18-24,0
101375,2025-06-03,DE,mobile,35-44,0
101376,2025-03-14,UK,mobile,35-44,1
101377,2025-02-09,DE,desktop,25-34,1
101378,2025-01-17,UK,mobile,35-44,1
101379,2025-05-09,ES,desktop,45-54,0
101380,2025-03-02,ES,mobile,45-54,0
101381,2025-06-20,UK,mobile,55+,0
101382,2025-04-14,ES,mobile,45-54,0
101383,2025-02-11,DE,desktop,35-44,1
101384,2025-01-25,UK,mobile,18-24,1
101385,2025-02-08,UK,mobile,18-24,1
101386,2025-02-04,FR,mobile,18-24,1
101387,2025-05-11,DE,mobile,35-44,0
101388,2025-04-18,ES,mobile,45-54,1
101389,2025-06-21,DE,desktop,35-44,0
101390,2025-06-28,ES,mobile,18-24,0
101391,2025-04-12,FR,mobile,35-44,0
101392,2025-04-08,DE,desktop,55+,1
101393,2025-01-12,DE,tablet,35-44,1
101394,2025-01-19,UK,mobile,45-54,0
101395,2025-04-11,FR,mobile,45-54,1
101396,2025-02-13,DE,desktop,55+,0
101397,2025-02-18,UK,tablet,45-54,1
101398,2025-01-17,DE,desktop,45-54,0
101399,2025-03-15,UK,mobile,25-34,0
101400,2025-02-26,FR,mobile,18-24,1
101401,2025-02-24,DE,desktop,35-44,0
101402,2025-02-16,UK,mobile,18-24,0
101403,2025-01-12,UK,mobile,55+,0
101404,2025-03-03,UK,desktop,25-34,0
101405,2025-03-21,ES,desktop,45-54,0
101406,2025-03-24,UK,mobile,25-34,0
101407,2025-01-08,ES,desktop,25-34,1
101408,2025-05-29,UK,mobile,55+,1
101409,2025-03-22,ES,mobile,25-34,0
101410,2025-04-28,ES,desktop,25-34,0
101411,2025-01-25,FR,mobile,18-24,0
101412,2025-03-30,FR,mobile,35-44,0
101413,2025-01-12,FR,tablet,25-34,1
101414,2025-05-23,FR,mobile,35-44,0
101415,2025-02-28,UK,mobile,35-44,1
101416,2025-06-03,UK,tablet,35-44,1
101417,2025-04-19,UK,desktop,45-54,0
101418,2025-01-26,UK,desktop,35-44,0
101419,2025-02-16,UK,desktop,25-34,0
101420,2025-02-01,FR,mobile,45-54,1
101421,2025-01-10,ES,desktop,25-34,1
101422,2025-01-16,UK,mobile,35-44,1
101423,2025-05-25,FR,desktop,25-34,1
101424,2025-05-31,UK,mobile,45-54,1
101425,2025-01-26,DE,desktop,25-34,0
101426,2025-03-27,ES,mobile,25-34,0
101427,2025-05-15,ES,mobile,35-44,1
101428,2025-01-14,ES,desktop,35-44,1
101429,2025-03-20,UK,desktop,18-24,0
101430,2025-04-27,DE,desktop,35-44,1
101431,2025-01-07,DE,mobile,35-44,1
101432,2025-05-17,UK,mobile,55+,0
101433,2025-04-25,ES,desktop,35-44,1
101434,2025-06-25,UK,desktop,25-34,0
101435,2025-03-13,DE,desktop,25-34,1
101436,2025-02-28,UK,tablet,45-54,0
101437,2025-03-23,UK,desktop,45-54,1
101438,2025-04-26,DE,mobile,25-34,0
101439,2025-06-16,FR,desktop,25-34,0
101440,2025-05-26,UK,tablet,35-44,0
101441,2025-04-13,UK,mobile,25-34,0
101442,2025-01-17,DE,desktop,25-34,1
101443,2025-01-14,UK,desktop,18-24,0
101444,2025-06-08,UK,mobile,25-34,0
101445,2025-06-01,ES,mobile,25-34,0
101446,2025-04-18,DE,mobile,35-44,1
101447,2025-02-14,UK,tablet,25-34,0
101448,2025-04-08,DE,desktop,25-34,1
101449,2025-05-11,DE,mobile,25-34,1
101450,2025-02-06,ES,tablet,25-34,0
101451,2025-06-20,FR,mobile,25-34,0
101452,2025-06-17,UK,mobile,25-34,0
101453,2025-04-18,UK,desktop,35-44,1
101454,2025-02-08,UK,desktop,18-24,0
101455,2025-01-15,FR,mobile,18-24,0
101456,2025-04-30,UK,mobile,18-24,0
101457,2025-01-04,FR,mobile,35-44,0
101458,2025-04-03,UK,mobile,45-54,1
101459,2025-06-02,UK,mobile,18-24,0
101460,2025-05-21,ES,mobile,55+,0
101461,2025-06-10,FR,mobile,18-24,1
101462,2025-01-16,UK,mobile,45-54,1
101463,2025-06-19,DE,mobile,25-34,0
101464,2025-04-18,UK,mobile,35-44,1
101465,2025-05-06,DE,desktop,35-44,0
101466,2025-02-24,DE,desktop,25-34,0
101467,2025-06-19,UK,mobile,45-54,0
101468,2025-02-03,DE,mobile,45-54,0
101469,2025-06-07,FR,mobile,25-34,1
101470,2025-01-13,FR,mobile,18-24,0
101471,2025-05-21,UK,mobile,18-24,1
101472,2025-01-18,UK,mobile,45-54,1
101473,2025-06-09,ES,mobile,35-44,1
101474,2025-04-06,UK,desktop,25-34,1
101475,2025-05-03,FR,mobile,35-44,0
101476,2025-02-08,FR,mobile,45-54,0
101477,2025-02-15,FR,desktop,35-44,1
101478,2025-01-29,UK,mobile,45-54,1
101479,2025-03-03,UK,mobile,45-54,1
101480,2025-01-16,DE,mobile,25-34,0
101481,2025-05-01,UK,mobile,25-34,0
101482,2025-01-10,UK,desktop,45-54,1
101483,2025-06-07,UK,mobile,25-34,1
101484,2025-06-02,UK,mobile,55+,0
101485,2025-04-13,ES,mobile,18-24,0
101486,2025-03-25,UK,mobile,18-24,0
101487,2025-05-13,UK,desktop,55+,1
101488,2025-03-06,UK,desktop,35-44,1
101489,2025-06-26,DE,mobile,25-34,0
101490,2025-01-03,FR,mobile,45-54,1
101491,2025-06-22,UK,mobile,35-44,1
101492,2025-05-22,DE,desktop,35-44,0
101493,2025-04-30,FR,mobile,18-24,1
101494,2025-06-07,ES,mobile,45-54,0
101495,2025-03-09,DE,mobile,45-54,0
101496,2025-05-26,UK,mobile,18-24,0
101497,2025-02-06,UK,mobile,45-54,0
101498,2025-06-02,UK,mobile,45-54,0
101499,2025-06-25,UK,mobile,35-44,0
101500,2025-03-14,ES,mobile,35-44,0
101501,2025-05-23,UK,mobile,25-34,1
101502,2025-02-18,UK,desktop,25-34,1
101503,2025-05-01,DE,mobile,35-44,0
101504,2025-03-29,FR,mobile,45-54,1
101505,2025-05-20,UK,desktop,35-44,0
101506,2025-02-06,UK,mobile,35-44,1
101507,2025-03-02,UK,desktop,18-24,1
101508,2025-06-20,DE,desktop,18-24,0
101509,2025-05-04,UK,mobile,25-34,0
101510,2025-02-08,UK,desktop,18-24,1
101511,2025-03-04,FR,mobile,35-44,0
101512,2025-02-15,UK,mobile,25-34,1
101513,2025-03-29,FR,mobile,45-54,1
101514,2025-01-11,FR,mobile,25-34,0
101515,2025-03-03,UK,desktop,35-44,1
101516,2025-03-18,ES,desktop,35-44,1
101517,2025-06-02,FR,desktop,18-24,1
101518,2025-02-21,UK,tablet,18-24,1
101519,2025-01-04,FR,desktop,25-34,1
101520,2025-02-28,DE,mobile,45-54,1
101521,2025-03-13,DE,mobile,18-24,1
101522,2025-05-28,UK,mobile,35-44,0
101523,2025-04-03,ES,mobile,55+,0
101524,2025-03-04,UK,desktop,45-54,1
101525,2025-02-23,UK,mobile,25-34,0
101526,2025-04-27,UK,mobile,55+,1
101527,2025-04-20,UK,mobile,18-24,1
101528,2025-03-15,DE,mobile,25-34,1
101529,2025-04-17,UK,mobile,45-54,0
101530,2025-02-26,UK,mobile,35-44,0
101531,2025-06-18,ES,mobile,25-34,0
101532,2025-01-03,UK,mobile,25-34,0
101533,2025-04-30,UK,desktop,25-34,1
101534,2025-01-06,UK,mobile,35-44,0
101535,2025-01-05,UK,mobile,25-34,0
101536,2025-01-05,UK,mobile,55+,1
101537,2025-02-23,DE,mobile,55+,1
101538,2025-02-16,UK,mobile,45-54,0
101539,2025-06-26,UK,mobile,25-34,1
101540,2025-01-09,DE,mobile,35-44,0
101541,2025-04-09,DE,mobile,55+,1
101542,2025-01-20,UK,mobile,45-54,0
101543,2025-05-02,FR,mobile,25-34,1
101544,2025-03-02,UK,desktop,18-24,0
101545,2025-05-03,FR,mobile,18-24,0
101546,2025-06-12,FR,tablet,35-44,1
101547,2025-06-27,UK,mobile,35-44,1
101548,2025-03-23,ES,mobile,45-54,0
101549,2025-03-03,UK,desktop,25-34,0
101550,2025-05-25,DE,desktop,18-24,0
101551,2025-01-03,UK,mobile,25-34,0
101552,2025-06-09,DE,mobile,25-34,1
101553,2025-01-13,FR,mobile,18-24,1
101554,2025-04-30,DE,mobile,35-44,0
101555,2025-05-05,UK,mobile,35-44,0
101556,2025-03-30,FR,mobile,35-44,0
101557,2025-03-14,FR,mobile,25-34,0
101558,2025-03-09,DE,mobile,25-34,0
101559,2025-05-22,FR,desktop,25-34,0
101560,2025-04-11,FR,desktop,45-54,1
101561,2025-04-08,UK,tablet,18-24,0
101562,2025-01-11,UK,mobile,45-54,1
101563,2025-04-15,FR,desktop,25-34,1
101564,2025-03-08,UK,desktop,45-54,1
101565,2025-05-03,ES,mobile,45-54,1
101566,2025-01-29,DE,mobile,25-34,0
101567,2025-05-17,ES,tablet,35-44,1
101568,2025-06-02,UK,mobile,18-24,1
101569,2025-03-17,ES,mobile,45-54,0
101570,2025-06-19,DE,mobile,25-34,0
101571,2025-01-09,DE,mobile,25-34,0
101572,2025-02-09,FR,desktop,35-44,0
101573,2025-01-25,UK,mobile,45-54,1
101574,2025-01-05,DE,mobile,25-34,0
101575,2025-05-19,FR,mobile,35-44,1
101576,2025-05-04,UK,mobile,25-34,0
101577,2025-02-07,UK,mobile,25-34,1
101578,2025-03-13,ES,mobile,35-44,0
101579,2025-05-13,ES,desktop,25-34,1
101580,2025-06-25,ES,mobile,25-34,1
101581,2025-03-31,FR,mobile,45-54,1
101582,2025-05-26,UK,desktop,18-24,1
101583,2025-02-06,UK,mobile,35-44,0
101584,2025-03-01,UK,desktop,25-34,1
101585,2025-06-25,UK,desktop,18-24,0
101586,2025-01-28,UK,desktop,18-24,0
101587,2025-03-22,UK,mobile,35-44,0
101588,2025-04-24,UK,mobile,35-44,1
101589,2025-02-09,ES,mobile,18-24,0
101590,2025-02-14,UK,mobile,18-24,0
101591,2025-03-03,ES,desktop,55+,1
101592,2025-04-03,FR,desktop,18-24,0
101593,2025-04-25,UK,desktop,45-54,0
101594,2025-03-08,UK,tablet,25-34,0
101595,2025-02-25,UK,desktop,45-54,0
101596,2025-02-09,UK,mobile,25-34,0
101597,2025-04-08,DE,mobile,45-54,0
101598,2025-02-09,UK,desktop,35-44,1
101599,2025-04-01,UK,mobile,25-34,1
101600,2025-02-02,UK,mobile,18-24,1
101601,2025-01-06,ES,mobile,35-44,0
101602,2025-05-27,DE,desktop,35-44,0
101603,2025-03-21,DE,mobile,18-24,1
101604,2025-06-17,UK,desktop,18-24,0
101605,2025-04-02,DE,desktop,45-54,1
101606,2025-04-07,DE,mobile,25-34,1
101607,2025-02-28,FR,mobile,35-44,1
101608,2025-02-28,ES,mobile,25-34,1
101609,2025-02-17,UK,desktop,45-54,0
101610,2025-06-18,ES,desktop,55+,0
101611,2025-01-13,ES,desktop,55+,0
101612,2025-04-17,UK,mobile,18-24,0
101613,2025-02-14,FR,mobile,45-54,0
101614,2025-03-30,ES,mobile,25-34,1
101615,2025-06-19,UK,desktop,35-44,1
101616,2025-04-10,FR,mobile,35-44,1
101617,2025-06-04,ES,mobile,18-24,0
101618,2025-06-15,FR,mobile,55+,0
101619,2025-01-07,UK,mobile,18-24,0
101620,2025-05-13,FR,mobile,35-44,1
101621,2025-02-14,UK,mobile,45-54,0
101622,2025-02-27,FR,mobile,45-54,0
101623,2025-01-31,UK,mobile,18-24,0
101624,2025-01-23,FR,desktop,25-34,1
101625,2025-06-19,FR,desktop,45-54,1
101626,2025-05-18,DE,mobile,25-34,0
101627,2025-06-09,FR,desktop,25-34,0
101628,2025-04-17,FR,mobile,25-34,0
101629,2025-06-07,DE,mobile,25-34,0
101630,2025-02-08,UK,desktop,45-54,0
101631,2025-06-08,FR,desktop,25-34,1
101632,2025-03-23,UK,desktop,35-44,1
101633,2025-04-10,ES,mobile,25-34,0
101634,2025-01-02,UK,mobile,25-34,0
101635,2025-03-18,UK,desktop,18-24,0
101636,2025-01-12,DE,mobile,25-34,1
101637,2025-02-08,FR,mobile,25-34,1
101638,2025-01-13,UK,desktop,35-44,0
101639,2025-02-15,FR,desktop,25-34,1
101640,2025-06-04,FR,desktop,25-34,0
101641,2025-04-23,DE,mobile,25-34,1
101642,2025-01-17,UK,desktop,25-34,1
101643,2025-04-14,FR,mobile,55+,1
101644,2025-04-08,FR,mobile,35-44,1
101645,2025-03-29,DE,desktop,18-24,0
101646,2025-04-19,FR,mobile,18-24,0
101647,2025-06-12,FR,mobile,55+,0
101648,2025-03-11,UK,desktop,25-34,1
101649,2025-06-07,UK,mobile,45-54,0
101650,2025-03-15,UK,mobile,18-24,0
101651,2025-03-04,UK,mobile,55+,0
101652,2025-06-05,UK,mobile,45-54,0
101653,2025-03-01,FR,mobile,35-44,0
101654,2025-03-20,UK,desktop,18-24,1
101655,2025-02-06,ES,desktop,25-34,1
101656,2025-01-22,UK,mobile,25-34,1
101657,2025-05-28,DE,desktop,25-34,0
101658,2025-04-06,FR,mobile,25-34,1
101659,2025-03-09,UK,mobile,18-24,1
101660,2025-01-17,UK,desktop,35-44,1
101661,2025-01-12,FR,mobile,35-44,0
101662,2025-05-30,UK,tablet,25-34,0
101663,2025-05-25,ES,mobile,18-24,0
101664,2025-05-18,FR,desktop,55+,1
101665,2025-04-28,ES,mobile,25-34,0
101666,2025-01-22,UK,mobile,45-54,0
101667,2025-04-30,DE,mobile,25-34,1
101668,2025-02-19,FR,desktop,18-24,0
101669,2025-01-14,DE,mobile,25-34,1
101670,2025-06-24,UK,tablet,25-34,1
101671,2025-01-29,DE,mobile,45-54,1
101672,2025-06-13,FR,mobile,35-44,1
101673,2025-06-29,DE,mobile,25-34,1
101674,2025-05-05,UK,mobile,55+,1
101675,2025-01-07,ES,desktop,25-34,1
101676,2025-01-29,UK,mobile,55+,0
101677,2025-05-19,DE,desktop,55+,0
101678,2025-02-02,ES,mobile,25-34,0
101679,2025-05-14,DE,mobile,25-34,0
101680,2025-04-21,FR,desktop,25-34,0
101681,2025-03-20,UK,mobile,35-44,1
101682,2025-06-09,ES,mobile,35-44,1
101683,2025-06-28,UK,tablet,55+,1
101684,2025-02-27,FR,desktop,35-44,1
101685,2025-01-26,DE,mobile,25-34,0
101686,2025-06-23,DE,mobile,18-24,0
101687,2025-01-29,UK,mobile,35-44,0
101688,2025-01-04,DE,mobile,18-24,1
101689,2025-04-09,DE,desktop,45-54,0
101690,2025-05-21,UK,desktop,25-34,0
101691,2025-02-08,ES,mobile,25-34,0
101692,2025-01-15,UK,mobile,18-24,0
101693,2025-04-29,UK,mobile,35-44,0
101694,2025-01-29,UK,mobile,18-24,0
101695,2025-06-06,UK,mobile,45-54,1
101696,2025-03-16,ES,mobile,25-34,1
101697,2025-04-26,UK,mobile,45-54,0
101698,2025-02-01,UK,mobile,35-44,0
101699,2025-05-10,UK,mobile,18-24,0
101700,2025-06-24,FR,mobile,45-54,0
101701,2025-03-25,FR,mobile,18-24,0
101702,2025-01-22,UK,mobile,25-34,0
101703,2025-01-27,UK,mobile,18-24,1
101704,2025-03-22,ES,mobile,45-54,1
101705,2025-05-06,UK,mobile,55+,0
101706,2025-04-02,FR,desktop,35-44,0
101707,2025-01-21,UK,desktop,35-44,0
101708,2025-02-16,DE,desktop,45-54,1
101709,2025-04-11,UK,mobile,18-24,1
101710,2025-03-25,FR,desktop,55+,1
101711,2025-01-06,UK,desktop,25-34,0
101712,2025-05-27,ES,mobile,55+,0
101713,2025-05-11,UK,mobile,35-44,0
101714,2025-01-01,DE,desktop,45-54,0
101715,2025-02-27,UK,mobile,35-44,0
101716,2025-05-04,UK,mobile,25-34,1
101717,2025-06-15,DE,desktop,35-44,0
101718,2025-01-15,UK,desktop,18-24,0
101719,2025-06-11,ES,mobile,35-44,0
101720,2025-06-12,ES,mobile,35-44,0
101721,2025-03-05,ES,mobile,45-54,1
101722,2025-01-25,UK,desktop,35-44,0
101723,2025-01-24,DE,mobile,18-24,0
101724,2025-01-12,UK,mobile,25-34,1
101725,2025-01-18,ES,desktop,35-44,0
101726,2025-01-15,FR,mobile,25-34,0
101727,2025-01-27,DE,desktop,25-34,1
101728,2025-03-13,FR,mobile,45-54,1
101729,2025-03-01,FR,mobile,35-44,1
101730,2025-06-23,UK,desktop,35-44,1
101731,2025-05-25,DE,mobile,25-34,0
101732,2025-04-03,UK,mobile,35-44,1
101733,2025-02-22,FR,mobile,25-34,1
101734,2025-01-08,DE,desktop,35-44,0
101735,2025-03-20,FR,tablet,18-24,0
101736,2025-01-27,UK,tablet,45-54,0
101737,2025-06-23,FR,mobile,25-34,0
101738,2025-02-19,UK,mobile,25-34,0
101739,2025-05-11,FR,mobile,35-44,0
101740,2025-04-03,UK,desktop,35-44,0
101741,2025-06-21,UK,mobile,18-24,0
101742,2025-01-24,UK,tablet,45-54,0
101743,2025-03-01,DE,mobile,25-34,1
101744,2025-05-02,UK,tablet,55+,1
101745,2025-05-11,UK,desktop,45-54,1
101746,2025-05-28,ES,desktop,25-34,0
101747,2025-02-15,UK,mobile,45-54,0
101748,2025-01-15,FR,mobile,25-34,0
101749,2025-06-02,DE,mobile,18-24,1
101750,2025-01-17,ES,mobile,55+,0
101751,2025-05-06,DE,mobile,35-44,0
101752,2025-03-25,DE,mobile,25-34,0
101753,2025-01-09,DE,mobile,25-34,1
101754,2025-06-15,UK,desktop,25-34,1
101755,2025-06-25,DE,desktop,55+,0
101756,2025-03-04,UK,mobile,18-24,1
101757,2025-04-27,ES,tablet,25-34,1
101758,2025-05-10,UK,mobile,25-34,1
101759,2025-03-29,FR,mobile,25-34,1
101760,2025-03-13,UK,mobile,25-34,0
101761,2025-05-19,DE,desktop,18-24,0
101762,2025-03-05,UK,mobile,18-24,0
101763,2025-03-13,ES,mobile,25-34,1
101764,2025-01-21,DE,desktop,55+,0
101765,2025-01-18,UK,mobile,18-24,1
101766,2025-03-05,DE,desktop,45-54,0
101767,2025-03-23,DE,tablet,45-54,0
101768,2025-04-20,FR,tablet,45-54,0
101769,2025-04-05,UK,mobile,45-54,0
101770,2025-06-15,UK,mobile,25-34,1
101771,2025-02-01,UK,mobile,25-34,1
101772,2025-01-11,UK,mobile,25-34,1
101773,2025-02-14,ES,mobile,25-34,1
101774,2025-02-02,UK,mobile,35-44,0
101775,2025-04-12,DE,tablet,35-44,0
101776,2025-06-18,UK,desktop,45-54,1
101777,2025-05-16,FR,mobile,18-24,0
101778,2025-01-11,DE,mobile,55+,0
101779,2025-06-28,ES,mobile,25-34,1
101780,2025-03-29,UK,mobile,25-34,0
101781,2025-02-10,FR,desktop,25-34,1
101782,2025-05-25,UK,desktop,45-54,0
101783,2025-03-17,UK,desktop,25-34,1
101784,2025-05-01,UK,desktop,55+,0
101785,2025-02-15,FR,mobile,55+,0
101786,2025-06-09,UK,desktop,45-54,1
101787,2025-03-21,DE,mobile,18-24,1
101788,2025-02-23,UK,mobile,45-54,1
101789,2025-03-27,FR,mobile,45-54,1
101790,2025-04-02,UK,mobile,18-24,1
101791,2025-05-28,DE,mobile,18-24,1
101792,2025-06-10,ES,mobile,18-24,0
101793,2025-06-17,FR,tablet,18-24,0
101794,2025-06-09,DE,mobile,35-44,0
101795,2025-04-07,UK,mobile,55+,0
101796,2025-01-02,FR,mobile,25-34,1
101797,2025-02-02,UK,desktop,35-44,1
101798,2025-06-07,UK,mobile,55+,0
101799,2025-06-10,DE,tablet,25-34,1
101800,2025-03-18,ES,desktop,45-54,0
101801,2025-04-26,UK,mobile,35-44,0
101802,2025-06-03,FR,desktop,35-44,0
101803,2025-05-30,FR,mobile,25-34,0
101804,2025-04-13,UK,mobile,35-44,1
101805,2025-06-15,UK,desktop,18-24,1
101806,2025-04-13,UK,mobile,45-54,1
101807,2025-03-31,UK,mobile,25-34,1
101808,2025-06-23,UK,mobile,45-54,0
101809,2025-05-02,UK,mobile,25-34,1
101810,2025-05-23,UK,tablet,18-24,1
101811,2025-04-16,DE,mobile,35-44,1
101812,2025-04-29,FR,desktop,18-24,1
101813,2025-06-21,ES,mobile,45-54,0
101814,2025-02-18,UK,desktop,55+,0
101815,2025-04-14,DE,mobile,45-54,0
101816,2025-03-02,ES,mobile,18-24,1
101817,2025-05-03,DE,desktop,35-44,1
101818,2025-05-14,UK,mobile,35-44,1
101819,2025-01-09,DE,mobile,45-54,1
101820,2025-01-06,UK,mobile,18-24,0
101821,2025-03-14,UK,desktop,25-34,0
101822,2025-04-13,FR,mobile,35-44,0
101823,2025-06-09,FR,tablet,18-24,1
101824,2025-02-10,UK,mobile,25-34,1
101825,2025-04-24,ES,mobile,25-34,0
101826,2025-01-08,DE,desktop,45-54,1
101827,2025-03-13,FR,desktop,55+,0
101828,2025-06-27,ES,desktop,35-44,1
101829,2025-04-02,UK,tablet,25-34,1
101830,2025-03-03,ES,mobile,25-34,1
101831,2025-03-25,FR,mobile,55+,1
101832,2025-03-03,UK,mobile,55+,0
101833,2025-04-21,DE,desktop,55+,0
101834,2025-05-07,DE,desktop,45-54,1
101835,2025-01-07,DE,mobile,25-34,1
101836,2025-03-25,ES,mobile,45-54,1
101837,2025-05-12,DE,mobile,25-34,0
101838,2025-05-14,FR,desktop,25-34,0
101839,2025-02-27,ES,mobile,45-54,1
101840,2025-01-22,DE,mobile,18-24,0
101841,2025-06-03,UK,mobile,18-24,1
101842,2025-05-07,ES,desktop,25-34,0
101843,2025-01-03,UK,desktop,25-34,0
101844,2025-05-07,DE,mobile,45-54,0
101845,2025-02-10,ES,mobile,18-24,1
101846,2025-04-16,DE,mobile,18-24,0
101847,2025-01-14,DE,desktop,18-24,0
101848,2025-01-12,DE,tablet,18-24,0
101849,2025-03-28,FR,mobile,18-24,1
101850,2025-01-12,ES,mobile,35-44,0
101851,2025-05-21,UK,mobile,25-34,1
101852,2025-01-25,UK,mobile,45-54,1
101853,2025-02-14,UK,desktop,55+,0
101854,2025-05-02,FR,mobile,35-44,0
101855,2025-05-27,FR,mobile,18-24,1
101856,2025-02-24,DE,mobile,18-24,0
101857,2025-04-10,UK,mobile,45-54,1
101858,2025-06-22,FR,mobile,35-44,1
101859,2025-05-16,UK,mobile,45-54,1
101860,2025-04-29,UK,mobile,45-54,0
101861,2025-02-22,FR,desktop,55+,1
101862,2025-02-01,UK,mobile,55+,1
101863,2025-02-20,UK,mobile,35-44,0
101864,2025-02-13,UK,tablet,25-34,1
101865,2025-03-23,UK,desktop,55+,0
101866,2025-05-26,FR,desktop,35-44,1
101867,2025-05-30,UK,mobile,18-24,1
101868,2025-02-06,DE,mobile,35-44,1
101869,2025-04-06,DE,mobile,35-44,0
101870,2025-02-25,FR,mobile,45-54,0
101871,2025-04-15,ES,mobile,35-44,1
101872,2025-02-28,FR,tablet,25-34,1
101873,2025-05-11,FR,mobile,55+,1
101874,2025-06-05,ES,mobile,45-54,1
101875,2025-02-04,UK,mobile,35-44,1
101876,2025-04-03,ES,mobile,25-34,0
101877,2025-04-07,UK,mobile,25-34,0
101878,2025-05-15,UK,mobile,35-44,0
101879,2025-03-17,UK,desktop,18-24,1
101880,2025-02-18,DE,tablet,25-34,0
101881,2025-04-04,FR,mobile,35-44,0
101882,2025-06-08,DE,mobile,25-34,1
101883,2025-01-24,UK,desktop,25-34,1
101884,2025-05-28,UK,desktop,18-24,0
101885,2025-02-06,UK,mobile,25-34,0
101886,2025-01-04,UK,tablet,45-54,0
101887,2025-04-18,ES,mobile,25-34,1
101888,2025-05-06,UK,tablet,18-24,0
101889,2025-01-20,DE,mobile,35-44,0
101890,2025-06-01,DE,mobile,55+,1
101891,2025-02-19,UK,desktop,35-44,1
101892,2025-06-26,FR,mobile,18-24,1
101893,2025-06-28,UK,mobile,25-34,1
101894,2025-04-06,UK,mobile,45-54,1
101895,2025-04-15,UK,tablet,25-34,1
101896,2025-06-13,FR,desktop,35-44,1
101897,2025-04-27,UK,desktop,25-34,1
101898,2025-04-08,FR,mobile,25-34,0
101899,2025-03-07,FR,desktop,45-54,0
101900,2025-03-20,UK,mobile,45-54,0
101901,2025-06-11,DE,mobile,35-44,1
101902,2025-06-13,DE,desktop,25-34,1
101903,2025-01-06,UK,mobile,18-24,1
101904,2025-02-08,UK,mobile,35-44,1
101905,2025-06-19,DE,mobile,35-44,0
101906,2025-04-25,UK,mobile,25-34,1
101907,2025-05-05,DE,desktop,18-24,0
101908,2025-01-12,UK,mobile,18-24,0
101909,2025-05-11,UK,desktop,55+,1
101910,2025-01-18,UK,mobile,45-54,0
101911,2025-02-09,UK,mobile,55+,0
101912,2025-01-21,FR,mobile,25-34,1
101913,2025-05-23,UK,desktop,55+,1
101914,2025-04-09,DE,desktop,18-24,0
101915,2025-01-26,ES,tablet,35-44,1
101916,2025-01-08,FR,desktop,45-54,0
101917,2025-04-10,DE,mobile,25-34,1
101918,2025-03-28,UK,mobile,25-34,1
101919,2025-02-11,UK,tablet,18-24,1
101920,2025-06-21,DE,desktop,18-24,1
101921,2025-01-14,UK,mobile,35-44,0
101922,2025-03-19,FR,mobile,35-44,0
101923,2025-01-02,UK,desktop,45-54,0
101924,2025-04-29,FR,desktop,35-44,0
101925,2025-02-06,ES,mobile,35-44,0
101926,2025-03-10,ES,desktop,18-24,0
101927,2025-06-15,DE,tablet,18-24,1
101928,2025-02-10,DE,mobile,55+,0
101929,2025-03-03,FR,desktop,18-24,1
101930,2025-03-01,FR,mobile,35-44,0
101931,2025-05-05,UK,mobile,18-24,0
101932,2025-04-21,UK,mobile,35-44,1
101933,2025-01-14,FR,mobile,35-44,1
101934,2025-03-25,ES,desktop,25-34,1
101935,2025-05-10,UK,mobile,25-34,1
101936,2025-03-11,FR,mobile,35-44,1
101937,2025-05-25,FR,mobile,25-34,0
101938,2025-05-03,FR,mobile,25-34,0
101939,2025-03-30,DE,mobile,35-44,1
101940,2025-01-28,UK,desktop,18-24,1
101941,2025-03-07,FR,mobile,45-54,1
101942,2025-06-12,DE,desktop,35-44,0
101943,2025-01-05,FR,desktop,18-24,0
101944,2025-06-17,UK,mobile,35-44,0
101945,2025-06-13,DE,desktop,35-44,1
101946,2025-02-14,DE,mobile,25-34,1
101947,2025-05-31,UK,mobile,25-34,1
101948,2025-02-16,DE,mobile,25-34,1
101949,2025-01-31,DE,mobile,25-34,1
101950,2025-05-19,FR,mobile,18-24,0
101951,2025-01-10,ES,desktop,25-34,1
101952,2025-04-28,DE,mobile,25-34,0
101953,2025-01-14,DE,desktop,35-44,0
101954,2025-03-21,DE,mobile,35-44,0
101955,2025-04-03,UK,desktop,35-44,1
101956,2025-01-10,UK,mobile,45-54,0
101957,2025-03-17,FR,mobile,45-54,1
101958,2025-04-04,UK,mobile,35-44,1
101959,2025-04-15,UK,mobile,35-44,1
101960,2025-01-01,ES,mobile,25-34,1
101961,2025-05-13,DE,desktop,45-54,1
101962,2025-01-20,FR,mobile,18-24,1
101963,2025-01-08,ES,desktop,25-34,1
101964,2025-06-20,DE,desktop,35-44,0
101965,2025-01-01,UK,desktop,18-24,0
101966,2025-02-26,UK,mobile,25-34,1
101967,2025-03-05,FR,mobile,35-44,1
101968,2025-04-28,DE,tablet,35-44,0
101969,2025-01-28,UK,desktop,35-44,1
101970,2025-05-01,DE,mobile,45-54,0
101971,2025-04-17,UK,mobile,18-24,0
101972,2025-06-14,DE,mobile,18-24,1
101973,2025-06-24,DE,mobile,35-44,0
101974,2025-06-14,DE,desktop,25-34,0
101975,2025-02-18,ES,mobile,35-44,1
101976,2025-04-30,DE,mobile,18-24,0
101977,2025-02-13,ES,mobile,25-34,0
101978,2025-02-25,ES,mobile,35-44,1
101979,2025-06-05,DE,desktop,35-44,0
101980,2025-04-21,DE,desktop,35-44,0
101981,2025-05-14,UK,mobile,25-34,1
101982,2025-04-18,FR,desktop,25-34,1
101983,2025-05-28,FR,mobile,18-24,0
101984,2025-04-24,UK,mobile,18-24,1
101985,2025-03-19,UK,mobile,25-34,0
101986,2025-05-10,ES,mobile,25-34,0
101987,2025-02-06,ES,mobile,35-44,1
101988,2025-01-20,DE,mobile,25-34,1
101989,2025-01-26,UK,desktop,35-44,1
101990,2025-01-29,UK,mobile,45-54,1
101991,2025-01-01,UK,desktop,25-34,0
101992,2025-04-29,UK,mobile,25-34,1
101993,2025-02-04,UK,tablet,18-24,1
101994,2025-02-28,UK,desktop,35-44,0
101995,2025-03-10,ES,mobile,25-34,0
101996,2025-06-10,DE,desktop,25-34,1
101997,2025-06-28,UK,mobile,35-44,0
101998,2025-01-12,UK,desktop,18-24,1
101999,2025-01-20,FR,mobile,35-44,1
102000,2025-02-12,UK,desktop,35-44,1
