Name,Popularity
이상해씨,0.748621
이상해풀,0.135275
이상해꽃,0.656836
파이리,0.814239
리자드,0.648924
리자몽,0.920494
꼬부기,0.806755
어니부기,0.084932
거북왕,0.640977
캐터피,0.17111
단데기,0.084642
버터플,0.424957
뿔충이,0.028986
딱충이,0.005944
독침붕,0.414367
구구,0.549247
피죤,0.431583
피죤투,0.494701
꼬렛,0.154965
레트라,0.226612
깨비참,0.00963
깨비드릴조,0.011038
아보,0.469037
아보크,0.244357
피카츄,0.972233
라이츄,0.784705
모래두지,0.294302
고지,0.357991
니드런♀,0.000756
니드리나,0.006672
니드퀸,0.188599
니드런♂,0.004729
니드리노,0.009623
니드킹,0.448432
삐삐,0.675551
픽시,0.527807
식스테일,0.498504
나인테일,0.62389
푸린,0.728496
푸크린,0.165939
주뱃,0.108594
골뱃,0.101547
뚜벅쵸,0.02907
냄새꼬,0.062281
라플레시아,0.404882
파라스,0.694638
파라섹트,0.226811
콘팡,0.055752
도나리,0.067549
디그다,0.52454
닥트리오,0.255698
나옹,0.646472
페르시온,0.01978
고라파덕,0.730625
골덕,0.303441
망키,0.118844
성원숭,0.327447
가디,0.656239
윈디,0.689647
발챙이,0.027636
슈륙챙이,0.005948
강챙이,0.148148
캐이시,0.016176
윤겔라,0.317234
후딘,0.605642
알통몬,0.229839
근육몬,0.355352
괴력몬,0.598204
모다피,0.453213
우츠동,0.242081
우츠보트,0.504024
왕눈해,0.040259
독파리,0.10174
꼬마돌,0.597367
데구리,0.270344
딱구리,0.317509
포니타,0.306376
날쌩마,0.212478
야돈,0.735157
야도란,0.005197
코일,0.513552
레어코일,0.146684
파오리,0.440583
두두,0.346741
두트리오,0.008889
쥬쥬,0.839649
쥬레곤,0.008136
질퍽이,0.126557
질뻐기,0.449568
셀러,0.310832
파르셀,0.371841
고오스,0.585146
고우스트,0.261589
팬텀,0.935135
롱스톤,0.611111
슬리프,0.074792
슬리퍼,0.845307
크랩,0.701859
킹크랩,0.332944
찌리리공,0.393636
붐볼,0.130519
아라리,0.343668
나시,0.494479
탕구리,0.363517
텅구리,0.359867
시라소몬,0.131115
홍수몬,0.128255
내루미,0.164897
또가스,0.435995
또도가스,0.360192
뿔카노,0.128422
코뿌리,0.456825
럭키,0.617194
덩쿠리,0.009623
캥카,0.575221
쏘드라,0.046462
시드라,0.154769
콘치,0.368488
왕콘치,0.004478
별가사리,0.336988
아쿠스타,0.708636
마임맨,0.113409
스라크,0.600823
루주라,0.539388
에레브,0.283029
마그마,0.492069
쁘사이저,0.15922
켄타로스,0.401878
잉어킹,0.792938
갸라도스,0.821666
라프라스,0.746729
메타몽,0.919395
이브이,0.932684
샤미드,0.478972
쥬피썬더,0.339763
부스터,0.692106
폴리곤,0.657769
암나이트,0.123772
암스타,0.262216
투구,0.798444
투구푸스,0.026929
프테라,0.617466
잠만보,0.837446
프리져,0.644803
썬더,0.797465
파이어,0.769492
미뇽,0.735881
신뇽,0.295574
망나뇽,0.885332
뮤츠,0.841033
뮤,0.965735
치코리타,0.54386
베이리프,0.044904
메가니움,0.540331
브케인,0.440735
마그케인,0.004454
블레이범,0.633068
리아코,0.569241
엘리게이,0.036049
장크로다일,0.552995
꼬리선,0.121631
다꼬리,0.363202
부우부,0.027636
야부엉,0.054001
레디바,0.039177
레디안,0.007498
페이검,0.046772
아리아도스,0.040211
크로뱃,0.432994
초라기,0.122498
랜턴,0.357496
피츄,0.656585
삐,0.3951
푸푸린,0.02951
토게피,0.591935
토게틱,0.151842
네이티,0.05583
네이티오,0.03741
메리프,0.337322
보송송,0.093496
전룡,0.615808
아르코,0.213682
마릴,0.429875
마릴리,0.397951
꼬지모,0.319614
왕구리,0.181651
통통코,0.187159
두코,0.124206
솜솜코,0.120894
에이팜,0.120474
해너츠,0.026144
해루미,0.00813
왕자리,0.171535
우파,0.605134
누오,0.422209
에브이,0.771592
블래키,0.735501
니로우,0.170186
야도킹,0.460324
무우마,0.393875
안농,0.506819
마자용,0.425657
키링키,0.282355
피콘,0.084699
쏘콘,0.153068
노고치,0.171004
글라이거,0.189206
강철톤,0.530154
블루,1e-06
그랑블루,0.170195
침바루,0.148313
핫삼,0.647214
단단지,0.411035
헤라크로스,0.602471
포푸니,0.382416
깜지곰,0.116755
링곰,0.181093
마그마그,0.061096
마그카르고,0.007413
꾸꾸리,0.038102
메꾸리,0.011086
코산호,0.131818
총어,0.024017
대포무노,0.005952
딜리버드,0.320415
만타인,0.049751
무장조,0.539872
델빌,0.033261
헬가,0.571758
킹드라,0.328478
코코리,0.255011
코리갑,0.301086
폴리곤2,0.166041
노라키,0.086007
루브도,0.191773
배루키,0.052482
카포에라,0.2341
뽀뽀라,0.011834
에레키드,0.005944
마그비,0.29958
밀탱크,0.300575
해피너스,0.432639
라이코,0.645602
앤테이,0.101078
스이쿤,0.550924
애버라스,0.31452
데기라스,0.15623
마기라스,0.782521
루기아,0.730414
칠색조,0.447816
세레비,0.528261
나무지기,0.34156
나무돌이,0.007424
나무킹,0.530411
아차모,0.275244
영치코,0.021214
번치코,0.643577
물짱이,0.20345
늪짱이,0.007424
대짱이,0.559235
포챠나,0.023324
그라에나,0.026909
지그제구리,0.085441
직구리,0.111921
개무소,0.114443
실쿤,0.005948
뷰티플라이,0.02622
카스쿤,0.024052
독케일,0.02687
연꽃몬,0.008172
로토스,0.127451
로파파,0.375078
도토링,0.02689
잎새코,0.001489
다탱구,0.035379
테일로,0.231937
스왈로,0.260178
갈모매,0.011103
패리퍼,0.107477
랄토스,0.70029
킬리아,0.307095
가디안,0.863442
비구술,0.005961
비나방,0.026144
버섯꼬,0.166459
버섯모,0.39979
게을로,0.016141
발바로,0.155471
게을킹,0.289502
토중몬,0.160703
아이스크,0.252104
껍질몬,0.402392
소곤룡,0.103286
노공룡,0.115588
폭음룡,0.147398
마크탕,0.057082
하리뭉,0.008902
루리리,0.241844
코코파스,0.017595
에나비,0.293031
델케티,0.059944
깜까미,0.459241
입치트,0.604107
가보리,0.290938
갱도라,0.005193
보스로라,0.526705
요가랑,0.132732
요가램,0.293404
썬더라이,0.128422
썬더볼트,0.402757
플러시,0.311941
마이농,0.17203
볼비트,0.137887
네오비트,0.008882
로젤리아,0.574431
꼴깍몬,0.02407
꿀꺽몬,0.015441
샤프니아,0.072664
샤크니아,0.233982
고래왕자,0.024035
고래왕,0.164794
둔타,0.064944
폭타,0.388958
코터스,0.144621
피그점프,0.005204
피그킹,0.049681
얼루기,0.072072
톱치,0.146046
비브라바,0.005201
플라이곤,0.41721
선인왕,0.00372
밤선인,0.028281
파비코,0.122047
파비코리,0.546635
쟝고,0.241026
세비퍼,0.035328
루나톤,0.051736
솔록,0.068942
미꾸리,0.193645
메깅,0.110226
가재군,0.005189
가재장군,0.008148
오뚝군,0.021152
점토도리,0.005939
릴링,0.042203
릴리요,0.047009
아노딥스,0.006677
아말도,0.045552
빈티나,0.509434
밀로틱,0.624647
캐스퐁,0.093926
켈리몬,0.076072
어둠대신,0.162703
다크펫,0.45989
해골몽,0.025566
미라몽,0.050355
트로피우스,0.082531
치렁,0.272431
앱솔,0.747052
마자,0.17716
눈꼬마,0.272628
얼음귀신,0.217417
대굴레오,0.050498
씨레오,0.002983
씨카이저,0.069453
진주몽,0.031936
헌테일,0.004814
분홍장이,1e-06
시라칸,0.011834
사랑동이,0.027677
아공이,0.326797
쉘곤,0.156368
보만다,0.63387
메탕,0.560012
메탕구,0.032601
메타그로스,0.712516
레지락,0.174538
레지아이스,0.104579
레지스틸,0.073529
라티아스,0.635961
라티오스,0.633807
가이오가,0.752431
그란돈,0.77308
레쿠쟈,0.875397
지라치,0.535474
테오키스,0.521615
모부기,0.232768
수풀부기,0.027406
토대부기,0.259542
불꽃숭이,0.140496
파이숭이,0.026245
초염몽,0.532946
팽도리,0.455196
팽태자,0.003665
엠페르트,0.344719
찌르꼬,0.173615
찌르버드,0.008225
찌르호크,0.399298
비버니,0.155776
비버통,0.075399
귀뚤뚜기,0.012899
귀뚤톡크,0.12304
꼬링크,0.234796
럭시오,0.026245
렌트라,0.411549
꼬몽울,0.187709
로즈레이드,0.209328
두개도스,0.046144
램펄드,0.06701
방패톱스,0.022834
바리톱스,0.081731
도롱충이,0.004814
도롱마담,0.004098
나메일,0.099302
세꿀버리,0.038309
비퀸,0.051769
파치리스,0.377632
브이젤,0.157895
플로젤,0.071379
체리버,0.024836
체리꼬,0.141885
깝질무,0.008876
트리토돈,0.099462
겟핸보숭,0.006057
흔들풍손,0.116678
둥실라이드,0.049787
이어롤,0.412295
이어롭,0.679871
무우마직,0.150476
돈크로우,0.07978
나옹마,0.004454
몬냥이,0.02971
랑딸랑,0.145873
스컹뿡,0.022727
스컹탱크,0.043634
동미러,0.047585
동탁군,0.212816
꼬지지,0.124837
흉내내,0.003736
핑복,0.064336
페라페,0.038905
화강돌,0.459448
딥상어동,0.647155
한바이트,0.287387
한카리아스,0.837806
먹고자,0.420555
리오르,0.739981
루카리오,0.875605
히포포타스,0.034632
하마돈,0.23508
스콜피,0.018328
드래피온,0.196514
삐딱구리,0.011808
독개굴,0.06899
무스틈니,0.026182
형광어,0.003726
네오라이트,0.078093
타만타,0.005208
눈쓰개,0.006686
눈설왕,0.179141
포푸니라,0.428735
자포코일,0.449505
내룸벨트,0.048502
거대코뿌리,0.262115
덩쿠림보,0.126061
에레키블,0.153603
마그마번,0.028322
토게키스,0.521432
메가자리,0.288256
리피아,0.538118
글레이시아,0.677836
글라이온,0.432643
맘모꾸리,0.341367
폴리곤Z,0.054417
엘레이드,0.638683
대코파스,0.073103
야느와르몽,0.118922
눈여아,0.558205
로토무,0.703998
유크시,0.112143
엠라이트,0.212816
아그놈,0.154235
디아루가,0.762517
펄기아,0.735871
히드런,0.507299
레지기가스,0.518547
기라티나,0.790159
크레세리아,0.232838
피오네,0.153068
마나피,0.367273
다크라이,0.74902
쉐이미,0.484182
아르세우스,0.916174
비크티니,0.33598
주리비얀,0.14377
샤비,0.14472
샤로다,0.303266
뚜꾸리,0.305955
챠오꿀,0.038821
염무왕,0.411072
수댕이,0.391364
쌍검자비,0.024745
대검귀,0.437158
보르쥐,0.042949
보르그,0.116946
요테리,0.034707
하데리어,0.021168
바랜드,0.259317
쌔비냥,0.099663
레파르다스,0.011103
야나프,0.124346
야나키,0.007407
바오프,0.152188
바오키,0.011054
앗차프,0.05583
앗차키,0.004468
몽나,0.101945
몽얌나,0.021946
콩둘기,0.059072
유토브,0.051136
켄호로우,0.00372
줄뮤마,0.002983
제브라이카,0.02407
단굴,0.051136
암트르,0.034657
기가이어스,0.042918
또르박쥐,0.042264
맘박쥐,0.025473
두더류,0.227614
몰드류,0.503868
다부니,0.306325
으랏차,0.230029
토쇠골,0.008889
노보청,0.17734
동챙이,0.021962
두까비,0.004468
두빅굴,0.04918
던지미,0.027616
타격귀,0.090599
두르보,0.007402
두르쿤,0.079561
모아머,0.191102
마디네,0.115003
휠구,0.146127
펜드라,0.424516
소미안,0.084177
엘풍,0.345928
치릴리,0.262111
드레디어,0.370233
배쓰나이,0.139203
깜눈크,0.071841
악비르,0.05301
악비아르,0.374682
달막화,0.163112
불비달마,0.352808
마라카치,0.04911
돌살이,0.043385
암팰리스,0.036717
곤율랭,0.127368
곤율거니,0.249436
심보러,0.019766
데스마스,0.339753
데스니칸,0.03677
프로토가,0.050498
늑골라,0.006682
아켄,0.036023
아케오스,0.168428
깨봉이,0.075433
더스트나,0.28312
조로아,0.627538
조로아크,0.706887
치라미,0.252378
치라치노,0.109416
고디탱,0.026201
고디보미,0.02407
고디모아젤,0.105157
유니란,0.154188
듀란,0.120207
란쿨루스,0.1569
꼬지보리,0.04484
스완나,0.011054
바닐프티,0.185253
바닐리치,0.002978
배바닐라,0.068388
사철록,0.025529
바라철록,0.005197
에몽가,0.374746
딱정곤,0.005201
슈바르고,0.027496
깜놀버슬,0.026968
뽀록나,0.021245
탱그릴,0.004458
탱탱겔,0.023375
맘복치,0.006696
파쪼옥,0.182598
전툴라,0.076019
철시드,0.055085
너트령,0.279099
기어르,0.147321
기기어르,0.001494
기기기어르,0.031884
저리어,0.238721
저리릴,0.005204
저리더프,0.353806
리그레,0.173041
벰크,0.111456
불켜미,0.367081
램프라,0.096556
샹델라,0.506799
터검니,0.252931
액슨도,0.002235
액스라이즈,0.202501
코고미,0.065688
툰베어,0.029818
프리지오,0.115003
쪼마리,0.024799
어지리더,0.026258
메더,0.234857
비조푸,0.005944
비조도,0.097775
크리만,0.243764
골비람,0.006691
골루그,0.24986
자망칼,0.07152
절각참,0.166355
버프론,0.024105
수리둥보,0.046263
워글,0.261734
벌차이,0.117063
버랜지나,0.005212
앤티골,0.004464
아이앤트,0.014032
모노두,0.155499
디헤드,0.155874
삼삼드래,0.535714
활화르바,0.124622
불카모스,0.453577
코바르온,0.180258
테라키온,0.11332
비리디온,0.115664
토네로스,0.171623
볼트로스,0.213028
레시라무,0.708809
제크로무,0.642438
랜드로스,0.382598
큐레무,0.686919
케르디오,0.341859
메로엣타,0.431789
게노세크트,0.291247
도치마론,0.174801
도치보구,0.001493
브리가론,0.284413
푸호꼬,0.304545
테르나,0.148206
마폭시,0.484231
개구마르,0.534624
개굴반장,0.023375
개굴닌자,0.846678
파르빗,0.125245
파르토,0.144046
화살꼬빈,0.301413
불화살빈,0.025604
파이어로,0.420889
분이벌레,0.203194
분떠도리,0.023474
비비용,0.419753
레오꼬,0.088791
화염레오,0.172649
플라베베,0.074896
플라엣테,0.584983
플라제스,0.285714
메이클,0.117608
고고트,0.241408
판짱,0.291247
부란다,0.26663
트리미앙,0.328259
냐스퍼,0.311374
냐오닉스,0.389397
단칼빙,0.42645
쌍검킬,0.081044
킬가르도,0.491943
슈쁘,0.250711
프레프티르,0.038849
나룸퍼프,0.1537
나루림,0.117063
오케이징,0.32898
칼라마네로,0.522629
거북손손,0.036744
거북손데스,0.320581
수레기,0.163804
드래캄,0.216169
완철포,0.005944
블로스터,0.092329
목도리키텔,0.070883
일레도리자드,0.270992
티고라스,0.15816
견고라스,0.35954
아마루스,0.203218
아마루르가,0.177668
님피아,0.822277
루차불,0.478558
데덴네,0.44144
멜리시,0.314085
미끄메라,0.337778
미끄네일,0.028364
미끄래곤,0.580571
클레피,0.259013
나목령,0.080412
대로트,0.148625
호바귀,0.19421
펌킨인,0.067785
꽁어름,0.004814
크레베이스,0.191168
음뱃,0.154769
음번,0.358001
제르네아스,0.5795
이벨타르,0.571719
지가르데,0.784664
디안시,0.576993
후파,0.506819
볼케니온,0.254464
나몰빼미,0.549865
빼미스로우,0.006181
모크나이퍼,0.319981
냐오불,0.069693
냐오히트,0.001373
어흥염,0.419429
누리공,0.227466
키요공,0.004781
누리레느,0.419154
콕코구리,0.06039
크라파,0.003645
왕큰부리,0.083491
영구스,0.101342
형사구스,0.02907
턱지충이,0.005472
전지충이,0.009615
투구뿌논,0.070236
오기지게,0.024781
모단단게,0.265496
춤추새,0.351761
에블리,0.205596
에리본,0.058368
암멍이,0.5
루가루암,0.543191
약어리,0.15165
시마사리,0.037383
더시마사리,0.264041
머드나기,0.006691
만마드,0.105017
물거미,0.108012
깨비물거미,0.15479
짜랑랑,0.061096
라란티스,0.109707
자마슈,0.004451
마셰이드,0.029732
야도뇽,1e-06
염뉴트,0.158491
포곰곰,0.008142
이븐곰,0.264286
달콤아,0.0511
달무리나,0.02551
달코퀸,0.171305
큐아링,0.030435
하랑우탄,0.046462
내던숭이,0.091525
꼬시레,0.087253
갑주무사,0.433921
모래꿍,0.022644
모래성이당,0.098449
해무기,0.10978
타입:널,0.169355
실버디,0.277818
메테노,0.325605
자말라,0.175676
폭거북스,0.106212
토게데마루,0.089492
따라큐,0.78273
치갈기,0.024745
할비롱,0.357974
타타륜,0.165212
짜랑꼬,0.049041
짜랑고우,0.051732
짜랑고우거,0.214889
카푸꼬꼬꼭,0.100404
카푸나비나,0.072614
카푸브루루,0.027596
카푸느지느,0.052408
코스모그,0.233677
코스모움,0.079092
솔가레오,0.562368
루나아라,0.571137
텅비드,0.262391
매시붕,0.082418
페로코체,0.134524
전수목,0.087312
철화구야,0.127604
종이신도,0.171923
악식킹,0.110963
네크로즈마,0.685739
마기아나,0.36556
마샤도,0.510775
베베놈,0.064336
아고용,0.208243
차곡차곡,0.164996
두파팡,0.175676
제라오라,0.575348
멜탄,0.450307
멜메탈,0.155696
흥나숭,0.100671
채키몽,0.002743
고릴타,0.426488
염버니,0.490237
래비풋,0.081044
에이스번,0.570067
울머기,0.233848
누겔레온,0.001491
인텔리레온,0.257079
탐리스,0.097643
요씽리스,0.042173
파라꼬,0.010886
파크로우,0.194696
아머까오,0.525145
두루지벌레,0.029007
레돔벌레,0.022849
이올브,0.070188
훔처우,0.117647
폭슬라이,0.01978
꼬모카,0.064291
백솜모카,0.024105
우르,0.317918
배우르,0.048399
깨물부기,0.026144
갈가부기,0.121311
멍파치,0.177122
펄스멍,0.044317
탄동,0.156467
탄차곤,0.02907
석탄산,0.079201
과사삭벌레,0.285256
애프룡,0.036664
단지래플,0.010324
모래뱀,0.086007
사다이사,0.041087
윽우지,0.173053
찌로꼬치,0.021882
꼬치조,0.004444
일레즌,0.485021
스트린더,0.371102
태우지네,0.131974
다태우지네,0.036618
때때무노,0.049673
케오퍼스,0.005498
데인차,0.191168
포트데스,0.16455
몸지브림,0.198898
손지브림,0.046557
브리무음,0.322566
메롱꿍,0.008174
쏘겨모,0.02607
오롱털,0.476824
가로막구리,0.258365
나이킹,0.145642
산호르곤,0.028207
창파나이트,0.206307
마임꽁꽁,0.011908
데스판,0.148253
마빌크,0.008225
마휘핑,0.418492
대여르,0.408977
찌르성게,0.056026
누니머기,0.079416
모스노우,0.072343
돌헨진,0.024949
빙큐보,0.041114
에써르,0.19308
모르페코,0.28176
끼리동,0.121403
대왕끼리동,0.011588
파치래곤,0.031936
파치르돈,0.065259
어래곤,0.273624
어치르돈,0.046022
두랄루돈,0.412388
드라꼰,0.33657
드래런치,0.003434
드래펄트,0.625099
자시안,0.74158
자마젠타,0.538225
무한다이노,0.651551
치고마,0.433127
우라오스,0.51085
자루도,0.193584
레지에레키,0.150844
레지드래고,0.139383
블리자포스,0.016194
레이스포스,0.092893
버드렉스,0.472654
신비록,0.106527
사마자르,0.380102
다투곰,0.545985
대쓰여너,0.285096
포푸니크,0.336123
장침바루,0.122275
러브로스,0.18253
나오하,0.549809
나로테,0.079924
마스카나,0.578388
뜨아거,0.498454
악뜨거,0.004818
라우드본,0.392407
꾸왁스,0.218299
아꾸왁,0.004118
웨이니발,0.132696
맛보돈,0.162937
퍼퓨돈,0.004118
타랜툴라,0.026828
트래피더,0.007463
콩알뚜기,0.044137
엑스레그,0.091589
빠모,0.387618
빠모트,0.092848
빠르모트,0.291901
두리쥐,0.163689
파밀리쥐,0.20011
쫀도기,0.065679
바우첼,0.052872
미니브,0.231042
올리뇨,0.002053
올리르바,0.014865
시비꼬,0.049148
베베솔트,0.21664
스태솔트,0.03716
콜로솔트,0.253631
카르본,0.621266
카디나르마,0.411898
파라블레이즈,0.629765
빈나두,0.028782
찌리배리,0.059663
찌리비,0.198646
찌리비크,0.028131
오라티프,0.111248
마피티프,0.047306
땃쭈르,0.005483
태깅구르,0.033955
그푸리,0.024064
공푸리,0.022957
들눈해,0.09375
육파리,0.113692
절벼게,0.004804
캡싸이,0.054475
스코빌런,0.279627
구르데,0.006127
베라카스,0.04709
하느라기,0.043564
클레스퍼트라,0.156486
어리짱,0.215047
벼리짱,0.026192
두드리짱,0.541577
바다그다,0.090339
바닥트리오,0.026052
떨구새,0.030749
맨돌핀,0.220515
돌핀맨,0.418396
부르롱,0.026846
부르르룸,0.036964
모토마,0.279786
꿈트렁,0.192514
초롱순,0.065983
킬라플로르,0.326741
망망이,0.058442
묘두기,0.08652
꼬이밍고,0.080533
터벅고래,0.063543
우락고래,0.053791
가비루사,0.186555
어써러셔,0.363462
싸리용,0.482452
저승갓숭,0.486005
토오,0.389687
키키링,0.222753
노고고치,0.060881
대도각참,0.447346
위대한엄니,0.063912
우렁찬꼬리,0.110429
사나운버섯,0.004101
날개치는머리,0.3
땅을기는날개,0.108802
모래털가죽,0.007529
무쇠바퀴,0.051914
무쇠보따리,0.037823
무쇠손,0.1247
무쇠머리,0.035263
무쇠독나방,0.038462
무쇠가시,0.038259
드니차,0.317305
드니꽁,0.031396
드닐레이브,0.427184
모으령,0.526697
타부자고,0.467992
총지엔,0.093946
파오젠,0.110833
딩루,0.075266
위유이,0.122839
고동치는달,0.136905
무쇠무인,0.324639
코라이돈,0.606253
미라이돈,0.615071
굽이치는물결,0.131704
무쇠잎새,0.007529
과미르,0.089319
차데스,0.219574
그우린차,0.128082
조타구,0.046053
이야후,0.240327
기로치,0.152047
오거폰,0.570629
브리두라스,0.385977
과미드라,0.202525
꿰뚫는화염,0.033422
날뛰는우레,0.087147
무쇠암석,0.026864
무쇠감투,0.006854
테라파고스,0.464721
복숭악동,0.212236
